customer_id,total_orders,total_items,total_spent
3,2,6,417.37
4,1,10,956.08
7,1,10,926.46
8,2,16,780.8399999999999
9,2,11,777.25
11,2,15,1325.17
12,4,26,1693.67
13,1,7,730.58
15,2,11,1021.24
17,2,8,1624.74
22,1,7,907.18
23,1,7,410.09
24,1,6,213.56
26,1,10,269.99
29,1,8,258.77
34,1,5,650.07
35,3,20,1507.26
37,1,2,497.03
41,3,18,1620.15
44,1,7,977.32
46,2,8,1014.5400000000001
47,2,12,1051.97
53,2,12,1140.1299999999999
55,3,18,2179.14
57,4,21,3073.0
58,1,4,665.94
63,1,1,919.87
64,1,5,783.32
68,1,4,833.03
69,4,24,2294.43
73,1,1,984.49
74,2,6,1174.46
76,1,8,199.89
78,4,24,3190.5699999999997
80,1,10,862.69
86,1,7,123.45
88,2,13,1578.58
89,1,6,106.29
91,1,6,344.63
93,1,4,693.89
94,2,8,1283.9
95,2,11,1330.26
96,2,11,1370.7
97,1,2,842.27
100,1,6,493.3
101,1,3,327.7
102,4,9,2238.2
103,1,9,843.09
104,1,10,565.61
105,4,17,2117.79
107,1,9,578.8
108,5,26,2333.4900000000002
109,1,9,599.63
111,1,6,296.86
112,2,14,1322.29
116,1,6,481.05
117,1,8,945.5
118,2,7,1048.03
119,1,8,967.71
120,1,3,655.67
121,2,17,749.8499999999999
122,3,19,1500.94
123,1,4,285.18
125,1,4,472.99
127,3,12,2233.69
136,2,9,487.21000000000004
138,1,5,121.44
140,3,6,1197.4
146,2,7,330.35
147,4,17,2563.66
148,1,3,892.4
150,2,19,825.71
152,3,11,2027.67
156,1,9,330.58
160,2,12,949.74
162,1,2,879.09
164,2,12,636.21
166,1,10,987.86
167,1,6,179.59
170,2,17,1160.14
171,1,2,331.61
172,2,16,308.92999999999995
173,1,7,490.27
175,2,15,1517.1
176,2,11,940.01
180,1,3,610.0
184,1,2,892.14
187,1,6,882.04
188,1,5,211.55
189,2,16,1000.06
191,1,9,300.91
193,4,30,1981.8500000000001
194,1,1,893.19
197,1,3,791.56
201,1,9,590.74
206,1,5,472.21
212,2,15,1086.53
216,2,7,593.8199999999999
217,2,3,298.09000000000003
220,1,4,961.72
221,1,3,787.79
222,1,9,685.07
224,2,9,948.86
225,1,7,317.36
227,1,10,977.7
231,1,10,729.75
235,1,6,314.18
239,1,3,288.92
241,1,5,436.15
242,5,38,2531.95
245,1,9,395.16
246,1,2,319.68
247,1,8,951.3
248,2,10,1716.1999999999998
249,1,10,272.54
251,1,3,464.1
254,1,7,957.17
257,1,5,997.92
259,1,7,186.74
261,2,14,1346.8600000000001
265,1,1,331.09
269,4,18,2020.36
271,2,15,802.1500000000001
278,2,11,803.19
280,1,10,483.9
281,1,4,770.59
282,2,3,1070.6
283,1,6,784.19
286,1,5,329.38
287,1,6,731.51
288,1,5,258.57
294,1,5,273.17
295,4,17,2637.39
302,1,6,781.04
303,2,8,1101.39
304,1,7,965.89
306,2,9,1551.67
307,1,2,870.96
308,1,9,983.55
311,1,8,461.14
312,1,10,436.1
313,1,7,833.65
314,1,10,588.65
315,2,14,1446.26
316,1,10,711.7
321,1,6,506.23
323,1,5,174.94
325,1,8,876.84
328,1,6,979.0
329,2,17,388.80999999999995
330,1,5,317.0
331,2,8,1134.74
332,1,4,926.06
334,1,7,661.45
336,1,7,638.51
338,2,14,964.46
339,3,7,1401.86
340,1,8,590.87
342,2,16,1194.67
345,1,5,851.25
347,1,10,661.57
348,2,15,1580.05
350,2,7,807.8199999999999
352,3,10,2030.19
353,4,16,1990.84
354,1,4,265.71
355,1,4,592.52
358,2,11,1453.66
360,1,8,761.39
371,1,8,913.87
375,3,23,1720.76
377,2,6,999.7
379,1,7,882.8
380,1,5,989.09
381,1,9,368.89
382,1,2,665.88
383,2,11,1348.21
385,1,6,873.0
386,1,6,675.43
387,4,26,2951.6400000000003
389,1,9,753.94
393,1,6,633.25
396,1,5,435.58
405,3,18,1346.55
407,1,9,979.39
409,1,6,310.65
411,1,5,684.94
412,1,4,771.03
413,2,16,1101.5900000000001
414,3,13,2328.76
423,1,8,130.54
425,2,13,1196.14
427,1,1,501.28
428,2,7,862.28
429,2,5,477.3
430,1,3,591.25
432,1,7,168.75
440,1,7,177.93
441,1,9,952.71
443,1,2,312.06
444,1,7,160.61
446,1,9,941.51
447,2,12,1079.08
449,1,5,380.38
452,1,1,633.04
454,1,7,212.49
457,1,10,170.08
458,1,10,910.22
459,1,10,596.38
462,2,8,1068.58
467,1,6,630.73
468,3,16,1651.73
469,1,10,754.35
473,1,9,615.42
476,1,6,759.43
477,2,12,1330.78
482,4,33,2957.52
483,1,10,956.73
485,1,1,103.08
488,2,14,1535.6
489,1,3,458.12
490,3,11,1261.42
494,3,13,1381.1100000000001
495,3,20,1971.2
497,2,4,1020.85
499,1,2,150.68
500,2,13,1282.5900000000001
503,2,11,1383.8899999999999
504,4,17,2830.58
507,1,4,775.71
514,3,22,2214.3900000000003
516,1,7,448.98
517,2,5,875.5699999999999
520,1,3,348.33
521,1,6,998.26
528,1,5,155.48
529,2,6,489.72999999999996
533,2,15,1234.49
539,1,9,731.4
543,1,6,414.05
550,1,4,757.4
554,3,19,2255.09
556,2,10,844.22
558,3,15,2292.2
560,2,6,1047.57
561,1,5,228.2
563,1,4,898.39
566,1,7,306.19
570,3,18,1756.44
572,2,7,971.99
577,2,14,994.8699999999999
579,1,7,335.05
583,3,21,1390.97
585,1,10,563.09
586,2,11,578.44
590,1,2,705.29
592,1,4,352.3
593,1,7,449.31
597,1,5,351.65
598,1,2,771.32
599,2,19,442.31
600,1,8,904.57
601,1,1,610.09
602,1,5,332.47
603,1,7,759.92
605,1,10,393.79
609,1,4,625.25
612,1,3,540.37
613,2,15,368.56
615,1,10,429.66
618,1,5,621.37
619,2,13,1296.4099999999999
620,1,7,625.82
626,1,1,945.97
628,3,24,1841.29
631,1,10,261.96
632,2,11,1550.71
633,3,19,2111.68
637,3,16,1157.02
638,2,10,1095.06
639,1,5,363.0
641,2,6,1150.65
642,1,3,232.45
649,1,7,272.38
650,2,3,735.9399999999999
651,1,3,592.27
653,1,1,881.39
654,1,3,492.74
655,2,8,1626.79
657,1,1,593.23
662,3,22,1723.99
663,2,6,1186.05
666,1,6,255.46
667,1,1,601.88
670,1,6,998.21
673,1,5,662.57
678,2,17,551.73
680,1,8,262.73
681,1,3,530.26
682,2,12,609.21
684,1,3,908.44
685,1,10,444.16
688,3,22,1368.87
689,2,17,1398.03
690,1,6,449.41
692,1,7,334.75
696,3,18,1274.12
700,1,10,495.8
703,1,1,337.49
705,1,5,553.47
706,1,8,437.74
708,1,5,297.07
710,3,24,1604.71
713,2,3,537.59
716,2,10,1558.5100000000002
717,1,1,921.92
722,1,8,683.71
724,1,8,958.11
725,2,9,707.42
733,1,8,695.51
738,1,3,309.02
740,2,8,1362.46
742,1,4,800.85
743,1,6,875.15
744,1,5,626.58
746,1,1,146.8
747,1,5,158.42
748,2,18,803.4300000000001
749,1,9,818.34
750,2,14,557.81
751,1,3,721.72
753,2,11,1225.33
754,1,9,894.07
755,1,9,753.63
762,2,9,907.12
765,1,9,766.84
767,1,1,632.55
770,3,19,1658.51
771,2,6,909.16
773,1,8,451.63
774,1,8,463.59
775,2,13,1058.35
776,3,14,911.04
782,1,2,454.35
784,2,12,1573.17
785,3,14,1249.3
790,1,7,903.22
793,1,10,203.34
794,2,6,708.95
795,2,7,1189.1100000000001
796,1,5,755.71
803,4,25,2598.4
806,2,11,1118.53
812,1,9,387.01
814,1,3,426.57
816,3,18,1741.71
817,2,13,1203.32
818,1,10,111.02
820,4,22,2185.5699999999997
821,3,15,2209.89
828,1,9,754.73
832,4,21,1757.3200000000002
833,2,12,980.55
835,2,4,1221.62
836,1,4,113.56
838,1,4,916.5
840,3,4,1598.52
841,2,9,749.52
844,1,5,571.46
845,3,21,2357.29
848,4,19,1939.16
849,2,14,1726.88
853,4,13,2676.71
854,2,4,743.86
862,1,4,764.58
863,3,10,1787.5100000000002
865,3,16,1376.31
869,3,16,1835.7
870,1,1,154.02
874,2,8,1355.18
875,2,18,1644.5900000000001
878,1,9,908.15
879,1,2,924.18
882,1,10,518.01
884,2,9,982.83
885,2,11,730.8199999999999
887,2,12,1139.3899999999999
888,3,15,1738.9899999999998
889,1,9,862.12
894,3,15,2361.31
895,1,2,655.57
898,2,11,1847.29
899,1,5,420.14
901,1,9,104.15
902,1,1,179.6
903,3,16,1391.05
906,1,10,638.99
907,2,13,958.98
908,1,7,934.15
912,2,11,1100.78
913,2,13,997.04
914,3,18,1271.49
916,1,10,841.64
917,1,6,367.72
928,1,4,654.39
931,1,9,572.24
941,1,7,520.49
942,1,3,404.16
945,1,7,235.8
948,1,7,244.77
949,2,10,777.72
950,2,17,1092.69
952,5,30,2736.1400000000003
953,1,9,390.24
954,2,12,915.47
955,1,10,956.22
957,1,1,865.96
965,1,7,999.84
972,2,14,949.2
977,1,2,188.58
978,1,4,549.93
979,2,14,1062.09
990,2,13,1633.79
993,1,6,736.97
995,2,11,1293.51
998,2,7,1378.25
999,1,2,454.11
1003,2,11,977.38
1004,1,10,311.82
1005,1,2,285.03
1006,2,5,446.07
1008,1,3,151.6
1010,1,1,736.73
1014,2,8,1319.24
1019,2,13,1529.85
1020,1,2,319.14
1022,5,35,1994.75
1026,1,1,746.45
1027,1,5,816.68
1035,2,19,1126.75
1038,1,4,805.63
1039,2,15,1020.87
1040,2,6,1179.18
1042,1,1,129.59
1048,2,13,1133.77
1050,1,1,902.89
1053,2,8,1959.33
1058,1,2,274.62
1059,2,15,1255.56
1061,2,12,922.02
1066,2,14,571.68
1067,1,2,787.83
1068,1,6,422.27
1071,1,8,170.49
1073,2,11,774.28
1076,1,6,977.8
1079,1,8,114.27
1080,1,7,835.1
1083,1,6,533.51
1087,1,4,966.9
1092,2,9,1451.9
1093,2,7,1531.42
1096,1,4,678.01
1100,2,15,1184.51
1107,1,2,650.1
1109,2,5,1605.13
1110,1,10,799.1
1113,1,10,784.24
1114,2,14,1442.6
1117,2,16,1013.3899999999999
1118,1,2,184.95
1119,1,10,878.87
1120,1,5,624.94
1123,3,20,1219.09
1124,2,15,821.0899999999999
1125,1,9,819.12
1126,1,4,824.72
1127,1,8,720.47
1128,1,5,140.4
1129,1,10,433.97
1130,2,10,751.8
1131,3,16,1212.76
1134,1,3,334.85
1138,1,4,821.24
1139,1,3,205.98
1143,1,1,906.83
1152,2,15,566.63
1154,1,8,829.09
1156,1,3,877.64
1162,2,7,868.4100000000001
1163,1,6,422.95
1166,1,8,307.5
1169,2,15,1429.5
1170,2,19,830.84
1173,2,20,1657.85
1175,1,8,119.52
1176,2,12,1405.96
1179,1,9,612.98
1182,2,14,585.37
1185,1,3,152.88
1188,3,22,1894.25
1189,1,7,350.43
1192,1,7,622.06
1194,1,3,765.59
1196,1,6,168.33
1197,3,10,2152.4300000000003
1202,2,17,528.15
1203,1,1,993.94
1205,1,2,486.11
1207,2,9,817.23
1210,2,2,968.1500000000001
1213,2,10,958.9200000000001
1214,1,2,939.95
1217,3,22,1806.78
1219,1,5,436.33
1221,1,4,213.38
1223,2,4,239.2
1224,1,4,331.74
1225,2,20,678.12
1226,1,8,118.22
1238,3,19,2416.3599999999997
1239,1,2,960.34
1240,1,5,303.74
1243,1,10,458.66
1252,1,4,700.91
1255,1,10,356.84
1256,1,6,649.42
1258,1,4,586.99
1261,1,3,913.32
1265,1,6,525.87
1266,1,6,904.19
1271,1,6,949.99
1273,1,10,684.71
1275,1,9,208.38
1278,1,6,431.49
1281,1,7,740.94
1282,2,11,972.02
1283,1,2,585.34
1285,1,2,632.67
1289,3,18,1882.65
1292,3,11,1868.63
1294,1,9,908.01
1295,3,9,2601.31
1297,1,8,658.91
1298,1,9,386.45
1301,1,3,939.97
1302,1,1,933.4
1303,1,10,889.13
1311,3,9,1068.5
1313,1,8,714.91
1314,3,22,1545.72
1319,1,3,304.39
1322,2,5,1358.6
1324,1,8,879.36
1326,2,10,1032.73
1327,1,6,657.38
1329,1,3,554.52
1333,1,7,925.94
1337,1,8,832.75
1340,2,6,1168.17
1341,3,14,1308.0700000000002
1343,1,5,776.2
1344,2,12,822.15
1357,1,1,375.39
1358,1,6,927.15
1359,3,29,2054.39
1360,1,5,928.84
1362,1,5,363.0
1363,2,12,795.22
1364,1,6,987.67
1367,2,5,1245.37
1369,2,6,446.54
1370,1,4,688.57
1375,1,8,204.43
1381,1,3,399.37
1384,1,4,819.8
1386,2,17,1685.85
1388,1,9,957.19
1389,1,1,915.33
1390,1,1,454.35
1393,2,10,1862.8600000000001
1396,1,6,797.18
1400,1,3,123.44
1401,2,12,884.23
1404,1,6,165.55
1405,1,7,646.02
1407,1,10,315.16
1408,1,9,484.13
1409,1,1,847.19
1410,1,9,551.06
1411,2,7,1320.1599999999999
1414,2,15,908.69
1415,1,9,297.31
1416,1,5,516.32
1417,1,2,865.87
1419,2,13,1745.2600000000002
1420,2,20,1431.63
1423,1,5,247.52
1425,1,2,480.27
1428,2,15,1348.99
1430,2,7,854.5799999999999
1434,1,7,501.57
1436,1,8,187.55
1437,1,6,551.17
1439,1,3,182.56
1440,1,6,444.58
1441,1,1,187.75
1442,1,5,979.06
1443,2,13,1490.21
1446,3,17,1775.73
1451,1,9,518.87
1455,2,7,909.15
1456,3,26,2161.34
1457,2,14,627.11
1461,2,4,322.68
1462,3,11,1685.6
1463,1,4,171.12
1468,1,6,483.75
1470,1,3,499.02
1471,1,3,622.21
1472,3,11,2256.02
1474,2,20,1131.49
1477,1,1,702.22
1481,1,1,629.79
1483,1,3,387.92
1485,1,10,884.81
1489,1,5,496.73
1495,2,5,623.37
1497,2,12,757.38
1501,3,29,1582.21
1502,1,10,639.06
1503,2,10,962.04
1505,4,26,3155.79
1506,1,5,223.27
1513,2,7,572.16
1515,1,8,387.59
1517,2,4,821.17
1520,2,12,1319.29
1523,1,10,653.93
1524,1,9,687.84
1525,1,4,332.71
1527,1,7,388.45
1530,1,3,627.51
1531,2,13,1177.04
1534,1,6,333.69
1535,2,17,1224.3
1539,3,19,1363.8899999999999
1540,2,19,652.5500000000001
1541,2,12,926.0500000000001
1542,1,10,221.86
1545,1,7,825.82
1554,1,8,873.4
1558,1,3,925.13
1559,1,4,704.58
1564,2,12,728.44
1565,1,5,138.07
1569,1,9,140.47
1570,1,8,296.45
1572,1,3,809.92
1575,1,2,667.36
1577,1,7,243.99
1578,2,14,1012.62
1580,1,9,290.38
1581,2,9,857.41
1584,2,13,317.40999999999997
1588,2,14,1341.87
1589,1,9,975.29
1590,1,1,790.4
1593,2,12,1531.97
1598,2,16,1866.63
1600,1,10,200.02
1604,1,3,913.07
1606,1,2,182.47
1607,1,2,920.26
1611,1,6,894.14
1612,2,12,1122.2
1616,2,13,741.61
1617,2,17,1055.58
1623,1,5,766.53
1625,1,4,870.05
1631,1,5,791.08
1632,1,9,281.64
1634,3,17,2081.75
1635,1,9,472.72
1638,1,7,879.75
1640,3,29,1433.23
1641,1,4,233.65
1642,1,8,997.41
1643,1,1,887.52
1647,1,8,110.69
1648,2,12,787.16
1650,2,6,1541.33
1651,2,19,1033.0
1655,1,1,267.98
1656,3,12,1643.2
1657,1,4,592.9
1658,1,7,511.17
1659,1,1,473.01
1660,1,4,265.83
1662,2,10,1422.31
1665,1,1,504.35
1672,1,7,263.0
1673,3,23,1257.41
1674,2,8,1269.48
1675,2,9,1107.88
1678,1,4,821.55
1679,1,8,826.63
1680,1,9,980.6
1681,5,24,2761.89
1684,2,10,1522.22
1685,1,10,436.86
1688,1,10,254.81
1694,1,8,763.8
1695,1,5,541.05
1698,1,6,522.31
1701,2,14,736.63
1702,2,15,446.18999999999994
1704,2,16,1807.73
1706,1,3,216.56
1709,2,12,880.63
1711,1,3,782.29
1715,1,4,540.65
1717,1,5,112.04
1721,2,15,1738.51
1723,1,1,566.29
1725,1,6,578.7
1728,1,6,972.81
1729,2,16,1698.8899999999999
1730,1,8,850.0
1733,2,10,1360.75
1735,3,4,1235.79
1736,2,14,1417.15
1737,3,13,1246.19
1741,1,8,951.74
1743,4,29,1686.36
1744,3,22,1644.32
1745,1,6,710.86
1747,1,4,220.52
1749,2,18,1621.85
1750,2,7,1194.94
1752,1,3,604.32
1757,1,6,453.76
1760,2,13,745.8199999999999
1763,2,7,1274.8200000000002
1766,2,19,376.25
1771,1,4,929.13
1780,2,15,1418.31
1782,1,7,547.12
1784,1,3,387.63
1791,1,1,198.74
1792,1,10,793.72
1794,1,5,826.09
1796,1,3,857.15
1799,3,18,1107.35
1800,1,6,604.22
1802,3,8,1125.33
1803,1,2,943.55
1804,1,10,298.49
1806,1,4,671.21
1810,1,9,120.04
1811,1,8,487.01
1812,2,10,714.3399999999999
1816,1,10,515.67
1818,4,22,1343.48
1819,2,9,1473.63
1823,1,6,742.33
1827,3,19,1170.8600000000001
1830,1,10,907.26
1831,1,9,625.53
1836,1,7,490.9
1837,1,6,827.5
1839,2,14,1301.26
1840,2,9,862.51
1843,2,19,1489.5
1844,1,7,970.2
1847,1,2,542.99
1848,1,8,510.4
1851,1,2,917.84
1852,1,3,871.0
1854,3,9,851.69
1857,4,20,1899.26
1859,1,9,343.69
1861,2,13,337.08000000000004
1864,1,8,843.56
1865,1,10,556.62
1866,1,2,545.33
1868,1,10,824.57
1873,1,3,212.87
1874,3,18,1961.3899999999999
1877,1,5,986.58
1881,1,4,994.31
1882,1,8,708.61
1884,2,11,1351.22
1885,2,14,1355.07
1892,2,16,1740.19
1893,1,1,177.16
1896,1,2,231.84
1898,1,1,942.84
1902,1,3,538.75
1903,1,2,553.76
1905,1,2,952.58
1908,1,9,414.87
1917,1,3,315.86
1918,1,2,800.03
1919,2,8,1589.84
1922,3,25,2183.15
1925,1,1,441.71
1928,3,14,1052.53
1929,2,7,1459.9
1931,2,7,1036.81
1932,3,27,1604.04
1935,1,10,748.14
1937,2,15,1556.8600000000001
1939,1,9,225.29
1940,1,3,101.43
1943,1,7,849.73
1946,1,8,107.99
1947,1,8,390.14
1950,1,1,314.82
1954,1,10,418.6
1955,1,9,915.15
1958,2,17,1533.9
1959,2,11,1125.62
1960,1,1,626.81
1962,1,3,101.86
1968,4,17,2454.3
1969,1,3,966.9
1976,1,10,393.7
1981,1,6,233.84
1983,1,7,709.96
1984,1,7,331.03
1990,1,4,670.55
1995,1,7,248.85
1999,2,18,433.90999999999997
2000,2,18,797.4100000000001
2005,1,2,630.73
2006,1,8,330.29
2008,3,18,1760.0700000000002
2011,2,16,1025.03
2016,1,1,828.9
2017,1,3,820.58
2018,3,10,1022.4000000000001
2020,1,6,968.44
2021,1,6,223.21
2022,1,9,387.16
2023,3,15,1886.3799999999999
2026,1,10,121.32
2028,1,9,325.81
2035,2,15,931.21
2038,1,3,528.7
2039,3,18,1679.7
2042,2,14,1064.26
2044,1,1,501.85
2047,1,9,742.16
2051,1,10,752.12
2056,1,10,399.25
2057,1,9,787.14
2058,2,11,1207.1399999999999
2062,3,13,2154.9
2063,1,9,424.06
2067,2,8,1057.47
2068,1,7,732.99
2071,2,5,1881.96
2072,1,1,972.68
2079,1,9,158.86
2081,1,8,920.04
2082,1,10,871.32
2083,2,8,1571.5900000000001
2084,1,6,500.84
2088,1,9,308.46
2089,2,11,959.12
2096,1,3,848.13
2098,2,5,269.53
2101,4,13,1908.85
2102,2,18,1732.94
2103,2,9,1030.28
2110,2,7,1483.19
2111,1,8,664.23
2113,3,9,1398.67
2114,2,11,803.94
2115,1,3,807.22
2123,1,7,104.22
2125,1,1,297.46
2127,2,13,1595.48
2131,1,3,325.0
2132,1,4,750.14
2138,1,8,688.9
2139,3,22,2058.64
2141,3,21,1695.48
2142,2,4,1260.82
2143,1,3,301.51
2145,1,10,145.97
2149,3,23,2636.8199999999997
2153,2,8,1157.5
2155,1,10,561.96
2157,1,8,224.53
2160,1,9,743.21
2161,3,19,1819.69
2162,1,2,279.29
2167,1,8,396.16
2170,3,14,1028.44
2172,1,1,533.54
2174,2,9,1631.06
2177,1,4,930.66
2182,1,4,472.49
2183,1,9,987.97
2185,2,16,1107.4
2188,1,8,923.49
2190,1,4,965.54
2191,1,9,164.41
2192,1,1,767.36
2193,2,11,865.27
2194,1,2,185.42
2196,1,2,869.72
2200,1,1,829.23
2201,2,6,1842.5900000000001
2202,3,20,642.97
2209,3,6,2233.7
2210,1,6,602.16
2212,2,11,1324.41
2218,2,12,700.31
2220,1,9,550.54
2222,3,13,2154.03
2225,3,15,1567.58
2227,1,7,585.88
2228,1,7,784.21
2229,1,4,949.16
2230,3,21,2127.54
2238,2,15,869.5899999999999
2242,1,8,828.4
2243,2,15,1802.01
2244,1,1,852.15
2245,1,1,221.9
2247,1,7,151.57
2248,2,14,1031.69
2249,1,3,171.3
2253,1,8,487.57
2254,2,13,1440.18
2255,2,13,1703.97
2259,1,6,306.33
2260,2,13,1480.24
2262,1,6,555.2
2269,1,1,393.0
2271,1,9,542.67
2273,2,10,922.55
2277,1,10,360.74
2284,1,9,526.04
2285,1,2,450.89
2288,1,6,459.63
2294,1,9,357.98
2298,3,10,1530.8
2299,1,2,318.54
2300,1,9,924.36
2304,1,3,314.94
2305,1,2,143.69
2306,3,4,1907.19
2312,1,4,748.57
2315,1,4,616.1
2317,1,1,878.68
2319,1,5,311.57
2320,1,8,330.07
2323,3,20,2187.48
2324,1,9,199.14
2325,4,32,2475.6
2326,1,6,759.63
2327,1,10,973.13
2328,1,4,478.67
2329,1,4,782.9
2331,2,7,1561.14
2333,2,10,1267.19
2336,1,1,806.8
2337,1,10,427.01
2343,3,13,1793.74
2344,2,11,1352.56
2349,2,19,465.6
2352,1,1,168.9
2353,1,9,477.54
2354,3,14,1858.23
2355,3,12,1684.85
2357,3,15,1161.83
2358,4,26,2394.98
2360,2,4,1566.81
2363,2,9,853.1
2364,1,6,271.55
2367,1,8,695.31
2368,1,6,308.56
2369,1,2,372.31
2375,3,20,1449.04
2387,2,15,1129.76
2392,1,10,638.84
2394,1,10,522.02
2395,1,1,986.34
2397,2,11,620.67
2399,1,5,925.55
2401,1,9,914.93
2402,1,3,391.58
2404,1,10,737.98
2413,1,2,175.58
2416,1,3,812.82
2420,3,28,1566.33
2421,1,6,109.33
2422,1,6,717.37
2425,3,15,1458.6100000000001
2429,1,3,246.39
2430,1,10,655.08
2432,1,9,767.09
2433,1,8,218.02
2434,3,19,1751.21
2436,1,6,551.6
2440,1,1,772.26
2442,3,13,1139.6599999999999
2443,1,5,881.73
2444,1,1,382.4
2446,1,10,477.2
2449,1,8,170.28
2450,1,10,663.61
2451,1,7,380.53
2453,2,12,1159.99
2455,1,3,990.32
2459,1,10,563.76
2462,1,4,991.37
2463,2,11,1171.5
2465,1,5,843.49
2466,1,10,626.31
2467,1,7,889.48
2472,1,7,378.79
2474,2,10,1716.0
2476,1,1,335.44
2479,2,15,584.48
2483,1,1,145.53
2486,1,3,169.56
2488,1,3,947.3
2489,3,14,1822.5100000000002
2491,2,5,1403.04
2493,1,1,388.86
2494,4,19,1820.38
2495,1,10,899.55
2496,1,2,222.09
2498,2,11,1161.48
2499,1,9,402.16
2500,2,18,1587.77
2505,2,7,1665.77
2506,1,6,325.59
2508,2,5,440.88
2510,1,5,924.45
2516,1,9,104.28
2519,2,7,1004.96
2524,2,9,822.26
2527,1,2,188.27
2529,5,17,3302.82
2531,1,2,777.5
2536,1,4,444.62
2537,2,2,1260.6399999999999
2539,1,5,415.55
2540,1,7,518.66
2544,1,7,159.2
2545,4,22,1612.04
2546,1,8,880.58
2547,1,10,216.93
2548,1,5,463.54
2550,3,27,1635.18
2552,2,11,1035.6599999999999
2553,2,9,1463.81
2556,1,8,106.01
2557,2,14,931.0
2559,3,16,1812.89
2560,2,11,1105.99
2561,1,8,725.78
2563,1,3,801.45
2564,2,12,1218.73
2566,1,4,628.49
2569,2,14,1103.79
2572,1,8,199.08
2581,3,19,2060.91
2583,1,10,848.82
2585,1,2,867.6
2590,1,7,330.82
2592,4,27,2833.36
2593,1,3,236.67
2595,2,15,1718.23
2598,1,4,788.84
2600,3,15,1710.1
2605,2,14,1339.95
2608,2,15,772.38
2611,2,12,267.51
2612,1,2,414.1
2613,2,13,870.26
2616,1,6,590.81
2617,2,18,933.58
2618,1,5,883.61
2622,1,7,387.19
2624,3,13,2216.62
2626,2,9,476.85
2631,1,2,128.88
2633,1,10,447.62
2639,1,7,762.99
2642,3,17,1073.29
2643,1,1,395.68
2647,1,1,225.54
2649,3,15,1288.52
2652,2,11,1088.19
2653,1,9,920.16
2654,1,10,684.94
2658,1,5,257.27
2659,1,1,694.93
2660,4,19,3070.26
2661,1,1,243.46
2668,2,11,1300.79
2672,3,20,1739.02
2676,5,30,2594.5299999999997
2677,1,7,884.14
2678,1,4,496.26
2680,2,6,987.99
2684,2,13,671.81
2686,1,5,773.96
2688,1,5,803.65
2690,2,14,933.99
2693,2,8,1200.11
2701,1,10,219.92
2702,3,13,986.25
2704,1,2,258.18
2707,1,5,220.02
2719,1,9,762.64
2720,4,30,1201.78
2721,2,15,1422.25
2723,1,1,400.48
2724,1,1,230.24
2728,1,7,793.85
2731,3,19,930.56
2732,2,12,942.31
2736,1,5,162.26
2745,1,2,117.91
2746,3,25,1759.04
2747,1,4,785.04
2750,1,8,636.98
2751,1,5,932.7
2756,3,11,2005.96
2758,2,8,1682.5700000000002
2760,1,7,148.85
2767,2,9,1530.3899999999999
2770,1,8,543.73
2774,1,10,862.96
2775,2,9,1621.38
2776,2,12,804.16
2777,3,30,1760.45
2781,1,4,791.62
2783,1,5,917.0
2784,3,12,2016.4
2794,1,5,508.36
2796,1,7,442.57
2799,1,3,814.28
2801,1,10,281.57
2804,1,4,362.98
2806,1,10,748.09
2808,1,9,957.13
2812,1,5,940.43
2813,1,3,590.82
2816,1,1,140.63
2817,2,9,644.3
2818,2,7,795.8499999999999
2819,2,10,976.76
2820,2,15,1110.1
2822,4,28,3000.7200000000003
2825,2,14,450.28000000000003
2826,1,3,825.86
2828,1,1,559.25
2832,2,17,1135.35
2834,3,21,2158.34
2838,2,14,1035.4
2839,2,18,953.5
2841,1,6,392.05
2842,2,12,1588.8600000000001
2844,2,12,919.77
2846,2,14,595.25
2847,2,9,737.99
2851,1,5,574.79
2858,1,6,879.83
2859,2,9,1268.15
2861,1,10,358.07
2867,1,3,909.52
2868,1,5,321.42
2872,1,6,209.3
2879,2,12,1782.26
2882,2,17,523.6500000000001
2883,1,2,577.16
2886,1,4,792.08
2889,3,8,1411.44
2892,2,12,1542.29
2894,2,11,502.71000000000004
2895,1,5,152.39
2897,1,7,632.94
2901,1,3,298.9
2902,2,17,823.98
2903,1,8,293.19
2904,2,7,1538.75
2907,1,1,972.78
2910,2,6,1672.54
2911,1,5,480.15
2912,1,4,524.96
2913,1,2,478.34
2914,1,7,837.29
2915,3,26,1562.72
2916,1,9,933.76
2918,2,11,1036.9499999999998
2920,4,21,2720.76
2925,2,14,1242.75
2927,2,12,444.27
2933,2,9,1285.53
2934,1,9,656.06
2938,1,7,213.6
2940,1,4,133.5
2944,3,19,1787.28
2945,5,27,3017.45
2953,3,14,2102.58
2955,1,3,574.78
2960,2,16,724.6
2961,1,9,425.66
2967,1,3,180.48
2968,1,2,933.31
2969,1,3,962.06
2970,1,4,299.54
2974,3,17,2171.59
2977,1,4,966.62
2979,2,13,478.20000000000005
2981,2,5,1148.14
2982,3,21,1671.6200000000001
2983,1,3,543.45
2985,2,18,1368.67
2986,1,5,243.68
2987,1,1,548.8
2989,2,6,1342.88
2991,2,10,999.79
2994,2,4,616.3199999999999
2999,1,6,787.83
3000,2,11,613.97
3006,1,2,829.35
3007,2,5,1170.97
3008,1,1,496.89
3009,1,10,611.05
3010,1,9,228.99
3011,1,4,371.5
3013,1,4,119.37
3015,3,20,1801.94
3016,1,5,638.55
3017,1,2,125.3
3018,1,7,593.84
3020,1,5,256.74
3023,1,10,504.11
3031,2,9,1223.5
3036,1,5,846.86
3039,2,4,1511.92
3043,2,10,726.69
3052,3,16,1624.0900000000001
3056,2,16,1106.47
3058,2,13,821.28
3059,1,3,689.76
3060,1,7,592.33
3063,1,10,419.47
3066,1,6,824.22
3068,4,16,2840.6800000000003
3069,4,27,1951.69
3072,1,10,749.39
3076,1,9,568.08
3077,1,7,393.44
3080,2,11,1165.37
3081,1,4,881.5
3082,1,2,173.51
3085,2,17,780.91
3086,1,1,677.07
3093,1,4,504.89
3096,1,3,533.09
3101,2,12,1323.81
3102,1,1,608.73
3105,1,9,144.73
3106,1,2,363.34
3109,1,7,246.82
3110,1,1,494.1
3116,1,10,961.42
3117,2,11,1867.24
3118,2,7,1009.0500000000001
3124,1,3,312.13
3126,1,3,155.57
3130,1,8,770.42
3134,1,10,352.2
3135,1,10,979.98
3137,1,6,694.38
3140,2,8,1198.4099999999999
3143,1,2,626.41
3147,1,7,549.67
3149,1,1,432.08
3152,2,3,1138.22
3153,1,3,760.62
3154,2,7,986.23
3156,1,1,375.93
3159,4,10,3364.58
3161,2,4,767.1099999999999
3162,1,1,346.96
3163,3,11,1989.27
3164,1,4,294.51
3165,1,10,567.47
3166,1,4,317.15
3168,1,7,788.04
3170,2,9,978.6
3173,1,9,521.39
3178,1,7,571.22
3180,3,14,1915.35
3181,1,3,952.83
3183,2,14,1113.49
3184,2,4,1043.9
3186,1,6,458.6
3188,1,2,901.77
3190,1,10,449.19
3194,2,11,1422.91
3197,4,28,2748.31
3199,2,15,783.28
3200,2,10,610.55
3201,1,4,748.0
3203,2,12,1391.67
3204,2,8,485.27
3205,2,19,1095.73
3206,3,24,596.48
3207,2,15,1150.38
3209,1,3,842.23
3212,2,13,1258.32
3213,1,2,443.87
3214,1,2,705.28
3216,3,15,1685.5
3217,2,14,1071.49
3219,1,4,701.82
3220,1,8,521.09
3223,1,4,715.77
3224,5,23,3477.51
3225,1,7,194.39
3231,2,13,1479.51
3240,2,20,1348.02
3241,1,9,561.02
3243,4,27,1645.21
3245,4,18,3659.7
3249,1,4,229.52
3251,1,8,660.25
3256,1,3,901.18
3259,1,3,518.99
3260,1,10,136.17
3264,1,7,964.7
3266,1,4,354.08
3268,2,19,1317.07
3271,1,9,622.13
3273,2,12,1380.8600000000001
3274,1,8,796.41
3276,1,7,515.22
3279,2,6,985.72
3285,1,1,861.38
3290,3,14,1815.55
3292,2,14,1025.3
3294,2,5,476.22
3295,1,5,613.35
3296,5,24,2029.83
3299,1,4,194.83
3301,1,6,785.18
3303,1,7,902.53
3306,2,12,1335.7
3307,1,9,693.72
3310,1,7,954.79
3311,1,10,751.42
3312,1,6,623.23
3314,2,3,868.11
3316,1,1,361.01
3317,1,10,339.04
3319,1,6,577.91
3321,1,3,591.0
3322,2,2,832.5
3327,1,1,295.44
3328,2,13,513.2
3329,4,30,1977.24
3330,1,8,963.34
3331,1,9,844.52
3332,1,10,315.42
3341,4,10,2242.22
3343,1,4,182.66
3345,1,8,901.05
3353,2,14,1275.72
3354,3,10,1442.2
3356,3,26,1707.11
3358,1,1,436.38
3362,1,5,498.05
3365,1,9,331.13
3366,1,10,505.02
3367,1,2,438.34
3370,1,6,933.31
3371,2,3,1272.69
3373,1,6,365.01
3374,2,9,1076.19
3379,1,3,651.1
3380,2,8,1129.88
3382,2,7,1157.65
3391,1,7,245.68
3394,3,15,1822.12
3395,2,13,555.18
3397,4,21,2216.9700000000003
3399,1,2,227.68
3402,2,10,1346.8000000000002
3403,2,17,1451.73
3404,1,8,235.34
3407,1,3,468.2
3408,1,7,810.54
3414,2,9,1237.15
3416,1,7,170.06
3419,1,5,242.09
3425,3,10,927.4399999999999
3428,3,12,2120.41
3432,2,17,730.1
3433,2,4,990.45
3436,1,7,348.2
3442,1,1,376.74
3443,3,15,1378.8899999999999
3446,1,5,945.4
3454,3,17,2032.96
3455,1,4,807.44
3462,1,5,639.95
3463,1,8,862.66
3464,1,5,404.0
3470,1,7,894.89
3472,1,1,531.42
3473,2,17,473.99
3478,1,4,747.08
3479,1,6,178.32
3480,1,2,202.26
3483,2,13,595.1800000000001
3484,2,12,497.65999999999997
3489,1,4,871.93
3492,2,19,1702.8200000000002
3493,1,7,774.91
3494,1,4,387.97
3495,2,20,1050.6599999999999
3496,1,6,267.89
3498,1,2,540.99
3499,1,9,603.71
3509,1,8,317.65
3513,4,24,3351.3199999999997
3515,2,14,601.6800000000001
3516,3,17,1252.47
3518,1,2,773.65
3523,2,5,1326.87
3525,1,6,267.17
3533,1,4,710.92
3535,1,6,534.69
3536,1,10,436.97
3538,2,14,982.54
3539,1,3,123.68
3540,1,3,382.75
3542,1,3,116.42
3543,2,13,1047.44
3545,2,6,1226.13
3547,2,9,1212.9
3552,1,5,405.75
3554,1,10,938.01
3555,3,13,1866.19
3563,1,10,170.26
3567,2,7,1327.69
3568,1,6,148.94
3570,2,17,862.8800000000001
3571,1,2,867.75
3578,1,7,738.05
3579,1,1,288.75
3580,1,4,664.11
3581,2,12,472.13
3582,1,10,749.28
3584,2,8,791.02
3587,1,1,106.77
3588,1,1,412.55
3591,1,8,340.73
3596,1,5,920.97
3597,1,6,326.12
3599,2,10,1510.16
3602,2,13,1491.81
3604,2,10,695.77
3606,2,17,591.87
3608,1,8,220.82
3614,1,8,862.21
3615,2,14,1212.03
3619,3,25,1284.3899999999999
3621,2,13,883.91
3622,2,11,926.5
3624,2,16,1266.07
3627,1,7,297.96
3631,1,5,965.36
3633,1,6,648.8
3637,2,19,1425.56
3638,1,6,282.71
3642,1,9,319.48
3643,2,12,1257.65
3644,2,18,230.22
3645,2,4,1085.19
3648,1,9,529.03
3649,1,1,456.89
3651,1,9,904.31
3652,2,6,1355.06
3653,1,5,866.07
3656,1,4,200.71
3660,1,2,612.96
3663,2,15,1214.27
3665,1,2,809.38
3668,1,10,710.68
3669,1,4,692.0
3670,1,9,761.21
3671,1,2,270.21
3672,2,12,501.07
3674,2,20,1335.8700000000001
3682,1,5,904.3
3683,2,7,1376.1799999999998
3684,1,1,774.02
3688,1,10,278.02
3690,1,10,626.07
3691,1,7,212.44
3694,2,6,1886.75
3695,2,11,823.29
3697,2,4,1464.42
3703,2,9,543.97
3706,1,2,200.93
3708,1,7,707.1
3710,1,2,302.97
3712,1,8,614.68
3714,1,3,340.65
3719,1,5,356.76
3721,1,2,947.66
3723,1,9,508.71
3725,1,3,929.82
3728,1,4,288.5
3731,1,4,589.46
3732,3,19,1670.3
3734,1,4,750.87
3736,1,7,766.94
3737,4,32,2408.27
3740,1,7,225.61
3742,1,5,810.21
3743,3,11,1919.8600000000001
3746,1,10,232.44
3749,1,8,695.26
3753,1,1,770.84
3755,1,5,383.65
3756,2,11,1744.6599999999999
3759,1,2,487.47
3760,1,4,462.9
3762,1,7,783.26
3763,1,4,566.71
3771,1,5,473.35
3772,4,34,2630.8199999999997
3773,1,2,900.48
3775,1,8,635.86
3776,4,15,2829.21
3777,1,8,921.24
3778,2,18,1651.05
3779,1,9,960.01
3785,2,9,492.33
3787,1,5,904.44
3788,1,10,802.8
3789,1,4,295.78
3791,2,14,1433.09
3793,3,16,1376.71
3796,1,7,196.11
3800,2,5,1359.8899999999999
3801,1,3,140.25
3802,1,7,404.81
3804,1,9,436.66
3806,1,3,893.36
3807,2,4,1250.0
3808,1,8,837.13
3809,4,17,2176.65
3810,1,8,980.18
3811,1,10,248.39
3815,2,16,1393.0500000000002
3817,1,8,378.6
3819,1,3,619.38
3822,1,7,516.69
3823,1,10,495.65
3825,2,10,525.13
3826,2,7,740.63
3830,1,9,713.12
3831,1,4,628.92
3834,3,21,1368.56
3838,1,3,671.88
3839,1,3,942.9
3841,1,3,758.88
3842,1,4,126.31
3843,2,10,681.54
3848,1,3,938.56
3853,1,1,668.36
3858,2,11,1409.75
3859,2,9,1221.98
3860,1,5,867.31
3862,1,7,647.75
3863,2,10,1078.84
3864,1,5,379.1
3876,4,19,1362.48
3878,1,4,278.27
3880,1,5,150.28
3882,2,9,1617.6100000000001
3884,1,5,472.74
3887,1,9,527.95
3894,2,8,1330.23
3897,2,14,1027.25
3898,1,4,757.15
3905,1,3,888.76
3909,1,4,350.52
3911,1,3,234.92
3914,3,19,1692.35
3917,1,4,316.26
3919,1,6,583.92
3921,1,8,159.48
3922,1,10,177.08
3924,3,22,1604.1100000000001
3925,1,6,211.36
3927,1,5,283.4
3928,2,8,1297.88
3929,2,17,1614.26
3930,1,2,582.65
3931,2,11,1682.23
3933,1,6,877.35
3936,1,6,869.54
3937,1,2,195.47
3938,1,3,315.78
3939,1,8,450.55
3940,1,2,358.57
3941,1,4,921.1
3943,2,9,1430.17
3951,1,1,241.46
3952,1,10,418.88
3955,1,6,867.89
3959,1,5,334.37
3962,1,6,931.61
3963,1,7,623.48
3967,2,8,565.52
3970,3,14,1574.2199999999998
3971,1,10,128.91
3972,1,6,236.57
3975,1,1,187.02
3977,3,14,1881.61
3978,1,5,129.74
3980,2,4,825.73
3982,2,4,905.3
3983,1,5,420.48
3984,2,8,1111.94
3991,1,8,970.86
3996,1,4,371.37
4001,1,5,191.34
4005,1,1,452.43
4010,2,13,1061.87
4011,1,3,322.89
4014,1,10,568.62
4015,1,1,414.38
4017,2,14,816.27
4018,1,7,623.21
4019,1,10,187.43
4020,1,3,744.91
4022,2,12,1321.1
4023,1,1,462.48
4025,1,2,542.0
4029,1,1,807.49
4032,1,2,276.94
4034,1,5,454.33
4035,1,9,652.81
4036,1,10,670.12
4037,1,6,101.21
4040,1,2,263.24
4041,2,8,1208.79
4043,1,8,654.08
4044,2,3,1174.6399999999999
4047,1,2,932.85
4049,2,12,568.18
4050,4,20,1802.41
4053,2,10,653.02
4055,2,12,655.91
4057,1,8,584.72
4058,2,10,1402.03
4062,2,17,1739.35
4063,1,6,413.8
4068,1,2,792.31
4069,1,10,110.82
4070,1,5,616.88
4071,1,3,292.74
4072,1,4,398.67
4074,1,9,682.25
4078,1,2,833.46
4079,2,11,1257.04
4080,1,7,578.57
4081,1,2,124.59
4082,3,13,1287.07
4084,3,22,1607.55
4085,1,3,306.12
4090,3,11,1584.3400000000001
4091,2,8,1152.42
4094,3,15,1261.3700000000001
4096,1,5,883.01
4097,2,9,1219.44
4101,1,7,853.82
4106,2,19,884.01
4110,1,7,429.29
4112,1,1,320.84
4113,7,43,2744.63
4114,2,10,1567.75
4117,1,3,236.87
4119,2,16,1126.63
4120,1,8,310.51
4121,1,4,706.61
4124,1,3,812.1
4125,1,1,984.42
4126,2,11,798.8900000000001
4127,2,5,1270.01
4129,2,14,1279.35
4131,2,10,1683.52
4133,3,17,2057.06
4134,1,8,299.58
4135,1,6,532.04
4137,1,6,750.32
4138,1,2,666.58
4146,1,6,395.76
4147,1,8,905.62
4150,1,3,181.69
4152,1,6,958.88
4159,1,8,541.53
4161,1,10,470.62
4162,3,16,1276.76
4165,2,14,737.26
4168,1,3,380.14
4169,3,25,2065.9
4170,2,12,1382.5
4171,2,9,662.5999999999999
4174,1,1,260.71
4175,1,1,959.62
4185,1,3,645.97
4186,2,11,752.32
4189,1,6,577.92
4192,2,9,1323.13
4194,1,3,572.29
4195,1,6,364.87
4196,2,15,1140.54
4197,2,14,1136.0900000000001
4198,1,8,307.7
4200,1,8,285.99
4202,4,24,2079.03
4208,1,6,392.88
4211,3,19,2078.3
4219,1,1,994.72
4222,1,7,746.78
4227,2,5,1338.04
4228,2,6,1216.97
4234,1,5,397.28
4235,2,7,1135.45
4236,1,9,496.12
4237,1,3,686.0
4239,3,11,1636.77
4240,1,2,193.98
4241,2,10,1446.31
4242,1,8,645.27
4243,2,13,630.47
4244,1,2,703.5
4249,1,9,922.22
4250,3,17,974.17
4251,1,6,599.88
4253,3,15,2435.66
4255,2,7,950.54
4260,1,4,686.2
4263,3,12,1784.76
4265,1,2,403.62
4276,1,9,867.84
4277,1,4,506.99
4286,1,1,958.67
4287,1,7,775.81
4288,1,10,866.2
4294,1,2,678.39
4296,4,20,2032.93
4299,1,7,272.39
4300,2,13,504.21000000000004
4302,1,7,205.7
4306,2,3,908.79
4309,1,10,134.27
4310,1,8,922.21
4312,1,9,708.44
4313,1,8,936.28
4314,2,12,1393.12
4316,1,5,402.69
4317,1,7,224.78
4318,1,7,323.63
4321,2,12,1532.69
4323,3,9,1004.31
4325,2,7,737.9300000000001
4326,3,16,2133.28
4327,1,9,642.51
4335,1,5,753.74
4339,2,5,1030.58
4340,1,6,468.9
4342,1,1,241.33
4343,2,12,917.31
4346,2,7,1262.52
4350,2,11,1178.05
4352,1,4,486.09
4354,1,10,472.37
4355,1,8,395.06
4356,1,5,808.91
4357,3,26,1378.12
4359,4,16,2947.03
4360,2,17,1164.5700000000002
4362,1,6,208.4
4365,4,17,2194.51
4366,3,15,2208.6400000000003
4368,2,9,837.78
4369,1,3,212.55
4370,1,4,703.66
4371,2,8,1459.52
4372,1,9,681.92
4373,1,3,958.59
4378,1,6,822.23
4380,3,15,1875.41
4384,1,6,830.07
4387,2,5,683.9200000000001
4388,2,6,1519.6
4390,2,13,1299.76
4392,2,15,1275.6299999999999
4395,1,4,894.16
4398,3,23,1848.95
4399,1,7,594.01
4400,1,9,142.96
4401,3,24,1182.17
4404,7,40,3674.89
4406,1,9,460.29
4407,2,9,1296.63
4408,1,1,556.72
4411,1,1,965.53
4414,1,3,309.63
4416,1,4,757.17
4423,2,7,809.7
4426,2,15,864.24
4427,1,3,942.4
4428,3,18,1179.1399999999999
4429,3,19,2475.42
4432,1,7,901.85
4433,2,13,972.8
4434,1,3,615.82
4435,1,1,202.63
4437,1,7,538.22
4440,1,1,342.82
4442,1,3,373.23
4443,1,9,325.55
4446,1,8,805.3
4447,4,19,2867.23
4454,1,2,546.71
4456,2,16,1140.15
4462,1,1,879.1
4463,1,5,353.85
4464,1,2,225.36
4466,1,9,427.75
4467,2,20,1014.4300000000001
4468,3,14,2180.73
4469,1,4,781.49
4472,1,7,707.81
4473,2,11,980.6600000000001
4475,1,9,583.72
4476,3,12,1962.63
4477,3,8,2033.72
4478,1,4,822.97
4481,2,6,1459.5700000000002
4483,1,10,139.36
4484,1,2,185.84
4485,1,1,554.09
4487,1,10,996.02
4492,2,19,1284.73
4493,2,12,546.08
4494,3,28,924.98
4497,1,4,870.75
4499,1,2,529.52
4502,3,20,1928.76
4503,1,9,462.15
4504,1,9,514.82
4507,4,25,1959.53
4509,1,5,578.66
4513,2,7,1087.79
4517,1,9,525.55
4518,2,3,1065.92
4520,2,7,1144.78
4522,2,10,819.2
4523,1,1,914.48
4524,1,10,393.72
4528,1,7,933.37
4533,1,10,479.41
4539,2,13,442.22
4540,2,14,507.33000000000004
4544,1,9,645.31
4545,1,8,700.62
4546,1,8,249.34
4548,2,9,626.49
4549,1,10,907.32
4551,2,7,1151.02
4553,1,9,305.42
4556,2,13,1350.0900000000001
4562,1,8,382.85
4563,1,3,897.73
4564,2,11,975.36
4565,1,4,433.24
4566,2,15,1386.4699999999998
4569,4,21,1682.37
4570,1,6,512.44
4571,1,8,526.95
4572,2,7,1380.06
4575,2,9,1671.08
4577,3,21,2102.11
4584,1,2,591.67
4585,1,6,712.53
4586,1,3,697.52
4590,1,4,986.48
4592,1,5,356.54
4593,2,5,1116.97
4595,2,16,495.39
4596,3,27,1385.27
4598,2,18,1514.85
4603,1,8,418.55
4607,1,7,666.56
4608,1,1,667.06
4617,1,4,960.61
4623,1,1,640.65
4628,1,2,737.55
4632,2,6,1281.3400000000001
4633,1,4,682.62
4636,1,1,234.0
4637,2,6,662.4
4638,2,5,1451.9299999999998
4641,1,1,544.39
4642,2,7,1333.67
4644,1,7,160.26
4645,1,1,797.51
4647,1,4,468.7
4648,2,5,292.14
4650,2,12,1058.69
4651,2,9,662.9300000000001
4652,2,7,1203.8700000000001
4653,1,7,381.09
4658,1,4,136.54
4659,1,9,690.14
4660,2,14,944.28
4663,1,4,398.77
4664,1,6,331.94
4665,1,6,317.41
4667,1,7,982.65
4669,1,1,210.69
4670,1,4,896.37
4675,1,4,674.47
4676,1,5,528.04
4681,1,2,887.62
4683,3,14,1781.24
4688,1,7,257.32
4689,2,20,886.08
4690,4,19,1600.29
4692,1,3,978.67
4695,2,10,1310.24
4697,2,14,818.11
4699,1,9,412.77
4709,2,18,654.44
4711,1,3,158.72
4715,2,15,667.8000000000001
4722,2,18,718.5699999999999
4723,2,16,1364.84
4724,1,1,307.08
4726,1,1,199.76
4728,1,3,949.62
4731,1,3,628.42
4732,3,15,1417.66
4733,1,2,297.89
4736,2,5,1234.92
4739,1,10,991.26
4740,2,7,1226.8200000000002
4742,3,18,1830.27
4745,1,7,681.67
4747,2,9,1246.97
4750,1,6,378.36
4755,1,4,181.76
4762,1,6,144.12
4765,2,15,1224.1
4766,2,10,934.84
4768,1,5,585.88
4772,2,12,1011.5799999999999
4774,1,3,701.56
4782,2,9,953.31
4789,1,9,735.99
4791,2,8,932.8
4792,4,27,2039.27
4800,1,10,933.47
4801,3,23,1092.3799999999999
4806,1,5,469.28
4810,1,9,269.83
4819,1,3,477.14
4828,1,3,163.94
4829,1,7,672.61
4831,2,15,932.15
4832,3,17,1981.72
4833,1,4,668.96
4835,5,25,2363.7999999999997
4838,6,33,3167.8599999999997
4842,2,10,1438.77
4843,1,2,961.34
4844,3,14,1158.6
4847,1,3,331.72
4849,1,6,315.65
4852,1,10,166.08
4853,2,7,709.02
4854,1,4,791.59
4855,2,4,305.8
4858,1,9,156.91
4860,2,17,1197.92
4865,1,3,683.07
4870,2,8,1250.3400000000001
4872,1,3,315.02
4875,2,11,1642.56
4878,4,18,3180.86
4879,1,7,551.03
4881,2,11,1220.39
4883,4,29,1871.4499999999998
4884,1,10,296.98
4890,1,9,272.52
4891,2,19,926.3
4892,2,3,1583.04
4893,2,3,829.85
4894,1,9,812.76
4896,1,9,199.61
4900,1,6,873.13
4901,1,6,658.91
4904,2,9,1466.91
4909,1,1,611.68
4910,4,23,1172.35
4913,2,10,1100.2
4914,1,10,351.39
4915,3,22,1652.02
4916,1,4,188.12
4922,2,11,1692.4699999999998
4927,2,7,1501.8400000000001
4930,2,11,1842.12
4932,1,4,892.15
4933,2,12,852.12
4935,1,5,897.6
4936,2,10,1173.3
4937,1,8,870.21
4939,1,5,974.0
4942,1,1,504.3
4946,2,18,1361.23
4948,1,8,353.84
4949,1,7,541.58
4954,2,13,1408.8400000000001
4957,2,12,1258.37
4958,1,10,277.15
4959,1,4,343.52
4960,4,13,2159.56
4963,1,5,382.08
4964,1,5,154.84
4969,1,5,604.53
4970,1,4,726.61
4973,1,4,271.24
4978,3,15,813.3399999999999
4979,1,4,854.94
4985,1,1,229.84
4989,1,1,724.56
4991,1,3,748.81
4996,3,14,1722.0
4998,2,9,1366.65
4999,1,6,761.29
5003,1,6,160.93
5004,1,4,596.67
5006,3,20,1812.78
5008,3,17,916.51
5010,1,10,562.06
5015,2,7,1106.56
5017,1,10,322.06
5020,5,33,2857.06
5026,2,7,1006.53
5029,1,9,571.33
5032,1,3,888.8
5034,1,4,956.73
5035,1,9,458.53
5037,1,9,858.19
5039,1,10,149.0
5040,1,8,637.61
5042,1,6,825.94
5044,1,3,840.09
5048,1,2,971.35
5050,2,10,914.03
5055,2,8,1338.5
5057,1,8,168.53
5059,1,6,510.57
5060,2,14,1137.3
5061,1,6,135.51
5065,2,10,1313.23
5068,1,9,586.89
5070,2,9,1211.75
5072,2,18,1557.11
5073,1,4,824.98
5075,1,7,837.68
5076,1,5,193.47
5077,3,5,1448.79
5078,2,12,1114.04
5081,1,6,973.69
5082,2,8,785.6700000000001
5083,1,6,386.18
5084,3,23,1846.24
5085,3,13,1964.1399999999999
5089,1,2,850.45
5091,3,16,1958.49
5093,1,5,566.16
5095,1,8,708.47
5098,3,14,1831.19
5100,1,3,813.82
5101,2,13,832.98
5106,2,8,964.66
5107,2,19,1138.1
5112,1,8,251.69
5114,1,7,858.67
5115,5,19,3549.67
5117,1,2,582.28
5119,1,8,710.66
5121,1,5,127.48
5122,1,8,936.8
5123,2,20,632.3199999999999
5124,1,3,411.1
5125,2,12,1212.92
5126,2,18,1352.7
5127,1,1,942.82
5129,4,24,1883.6599999999999
5131,1,10,195.72
5132,2,11,1012.74
5135,1,2,873.61
5136,1,8,571.4
5138,3,15,1519.98
5140,2,14,1452.23
5142,1,4,220.82
5149,2,11,639.27
5152,1,9,755.83
5153,1,9,827.94
5155,1,9,693.82
5157,2,7,748.97
5159,2,17,1410.94
5160,2,17,1564.23
5161,2,18,1420.92
5162,1,5,141.11
5170,1,6,987.98
5172,1,9,314.51
5174,1,4,502.92
5175,3,23,1448.22
5186,2,13,1437.72
5187,2,5,728.0500000000001
5189,2,3,1388.9499999999998
5190,1,1,829.67
5191,1,4,707.92
5192,1,7,269.52
5194,3,16,1942.32
5197,4,18,2004.91
5198,4,11,1333.24
5199,2,8,839.0
5200,1,6,665.17
5201,1,6,273.82
5203,1,9,929.81
5204,1,1,681.24
5205,1,8,427.12
5206,1,3,135.36
5207,1,5,252.13
5208,1,6,900.48
5210,4,25,1876.8600000000001
5213,1,10,867.86
5215,1,1,680.34
5219,1,5,161.62
5221,4,21,1796.4
5223,3,8,1482.77
5224,1,5,801.31
5228,1,8,455.53
5229,2,11,1294.08
5230,1,8,180.89
5231,2,7,1574.0
5233,1,1,710.61
5235,1,4,644.64
5238,1,4,101.78
5239,2,12,1569.33
5240,1,5,275.84
5241,3,9,1877.9899999999998
5242,1,5,372.37
5247,1,6,300.51
5248,1,9,918.11
5249,1,10,578.19
5251,3,19,967.36
5254,1,4,995.75
5255,1,6,911.73
5256,2,7,1800.79
5257,1,10,838.14
5262,2,11,1141.98
5268,1,1,907.63
5269,1,10,757.13
5277,1,8,357.35
5279,1,10,932.65
5280,1,10,744.7
5285,3,16,1029.2
5286,1,1,919.52
5287,3,22,951.49
5290,3,14,1704.99
5291,3,11,2130.26
5294,1,4,107.17
5297,1,6,122.27
5298,1,5,568.43
5300,3,14,1877.64
5302,1,1,117.0
5303,1,8,480.04
5304,1,9,263.34
5305,2,12,1156.1
5306,1,7,245.06
5307,1,8,101.21
5308,1,9,195.66
5312,1,3,276.86
5315,2,8,593.5
5321,4,10,1775.48
5329,1,2,540.27
5331,1,6,222.47
5333,1,3,258.75
5337,2,11,1114.09
5339,4,25,2664.75
5341,2,3,1254.54
5342,1,9,858.99
5343,1,2,408.88
5346,1,4,735.05
5348,1,5,417.14
5349,1,10,511.29
5350,1,7,185.12
5351,1,7,879.5
5352,1,6,738.87
5353,1,6,175.38
5354,1,8,115.56
5356,1,4,119.04
5357,3,21,2296.04
5359,1,1,771.67
5365,4,26,2518.64
5368,1,10,893.69
5371,1,4,450.5
5372,2,6,851.1099999999999
5376,1,9,283.72
5381,1,3,105.68
5383,1,7,241.04
5385,1,6,442.97
5386,1,4,387.06
5388,1,10,505.14
5389,1,9,995.91
5394,1,4,715.94
5396,1,5,485.7
5398,1,7,133.27
5400,1,10,643.63
5402,1,3,828.55
5404,2,10,495.04999999999995
5405,1,9,924.72
5411,1,9,594.2
5412,2,19,1071.59
5413,1,6,545.52
5415,2,16,831.26
5416,1,2,557.91
5417,1,3,595.74
5418,1,7,260.09
5423,2,6,1044.11
5426,3,16,2175.2
5427,1,7,436.79
5429,1,8,109.81
5430,1,2,346.24
5431,1,10,984.75
5435,2,6,1100.79
5436,2,3,1628.62
5439,1,6,961.88
5440,2,18,826.5799999999999
5441,1,10,223.13
5442,3,21,2405.73
5446,1,8,796.62
5449,2,7,858.61
5452,2,11,981.27
5454,1,7,815.88
5456,1,10,622.9
5465,2,6,981.4
5466,1,8,621.0
5475,1,6,471.07
5477,2,12,731.28
5478,1,10,232.43
5480,1,5,975.18
5482,2,14,870.98
5488,2,8,744.0999999999999
5489,1,8,560.81
5492,1,2,310.7
5493,3,13,1529.81
5494,1,7,464.72
5497,2,10,1631.31
5498,1,7,218.97
5505,3,11,2007.15
5507,1,5,314.08
5511,1,1,744.24
5515,1,8,133.17
5520,1,9,628.78
5526,1,1,702.51
5527,1,9,840.6
5530,2,5,883.4100000000001
5532,2,10,1424.5
5533,3,10,1693.1399999999999
5539,3,19,1641.55
5543,1,5,776.84
5545,3,10,1764.38
5546,1,3,261.42
5547,1,8,135.06
5552,1,6,667.43
5556,2,10,1064.2
5558,1,3,473.64
5561,1,4,852.11
5564,2,6,1523.96
5567,3,18,2121.88
5568,1,2,323.44
5570,1,4,423.01
5571,2,11,530.7
5574,2,7,1076.78
5576,1,8,801.63
5577,2,9,851.24
5580,1,3,962.83
5581,1,5,360.48
5583,1,4,959.2
5585,2,10,962.9000000000001
5587,1,1,462.82
5588,1,4,478.39
5589,1,4,553.32
5590,1,9,815.79
5591,3,14,1470.4
5593,1,3,460.12
5594,2,14,1394.73
5596,1,6,404.32
5599,1,3,602.77
5602,1,10,902.1
5604,2,18,750.95
5607,3,12,1355.56
5613,2,14,1372.6100000000001
5615,1,2,654.58
5617,1,9,970.39
5619,1,10,479.86
5620,1,4,743.94
5622,2,10,1831.9299999999998
5625,2,9,1625.92
5628,1,6,467.53
5630,2,12,841.33
5631,1,10,656.38
5632,1,3,226.36
5643,1,7,258.99
5644,2,16,1011.25
5647,1,8,463.62
5649,1,5,477.65
5654,1,4,277.84
5660,4,23,2233.93
5661,1,1,475.87
5664,1,7,221.56
5666,3,14,1616.74
5668,1,2,614.09
5670,2,11,1049.7
5671,1,10,432.75
5673,1,10,626.66
5675,4,23,2171.96
5677,4,22,2814.43
5679,1,4,318.83
5680,1,6,165.97
5681,1,10,357.17
5684,2,9,979.1000000000001
5685,2,9,1621.29
5686,1,9,721.76
5690,1,5,804.73
5694,2,17,1336.03
5695,1,5,288.35
5699,1,7,739.69
5702,1,2,249.76
5703,1,4,286.39
5704,1,3,769.15
5709,1,6,630.43
5710,1,3,883.73
5711,1,9,179.57
5712,2,12,1242.97
5717,1,3,310.35
5718,2,7,772.76
5719,2,7,1145.3899999999999
5721,1,5,562.86
5724,1,10,664.91
5726,2,16,1249.6799999999998
5728,2,10,1500.37
5731,2,16,414.28
5733,3,8,2299.14
5736,1,10,406.81
5737,1,3,670.52
5741,1,6,311.81
5746,3,26,1070.78
5747,1,1,503.28
5748,1,5,905.14
5754,1,5,875.1
5755,1,8,769.18
5756,1,2,644.23
5761,1,4,952.1
5762,1,4,402.71
5763,1,10,272.85
5764,1,2,322.58
5765,1,3,193.96
5767,1,1,247.69
5769,1,1,964.64
5770,1,4,538.32
5771,1,7,539.27
5773,2,12,1535.29
5774,1,4,592.63
5776,2,8,927.0799999999999
5778,1,9,780.09
5781,1,9,420.8
5783,1,3,777.16
5784,3,16,806.8599999999999
5786,1,5,157.69
5788,3,5,1534.3899999999999
5789,2,14,1089.69
5793,1,4,875.26
5797,2,20,765.0699999999999
5805,1,3,212.45
5806,2,11,1283.46
5812,3,20,2121.55
5813,2,5,570.8100000000001
5816,1,10,624.75
5818,2,14,1124.97
5819,2,8,1097.33
5820,1,3,844.7
5821,1,7,338.1
5828,3,8,1264.3700000000001
5829,1,1,295.53
5830,1,1,345.77
5834,1,2,600.08
5836,2,10,375.59
5837,1,9,412.67
5842,1,10,880.31
5844,1,8,198.9
5847,1,5,491.71
5851,1,10,508.41
5852,1,4,695.27
5854,1,5,318.88
5857,3,12,1185.91
5859,4,21,2377.98
5864,2,11,1447.3000000000002
5866,1,8,229.31
5867,1,1,336.24
5869,1,7,159.23
5871,2,17,415.51
5872,1,7,412.63
5874,1,5,394.25
5875,2,11,1483.94
5876,1,6,561.14
5878,2,9,986.74
5879,1,4,124.58
5881,1,1,381.34
5883,3,18,1059.96
5884,3,23,1764.28
5886,3,17,2258.94
5891,1,6,515.3
5892,3,17,1549.8700000000001
5893,1,9,871.63
5901,1,5,190.89
5903,2,16,958.0999999999999
5909,2,11,427.34
5919,1,8,603.55
5925,3,15,1180.53
5927,1,3,122.3
5929,1,1,373.77
5930,1,1,215.17
5932,1,5,402.06
5933,5,27,1748.55
5934,3,22,2001.1399999999999
5943,1,7,306.33
5944,2,7,821.97
5947,1,8,934.21
5951,5,23,2529.46
5953,4,22,1653.42
5957,2,9,969.6800000000001
5959,3,18,2795.66
5960,1,7,882.61
5962,3,18,866.4
5963,1,3,467.88
5965,1,3,553.39
5966,1,10,204.19
5967,1,6,898.66
5968,1,1,795.2
5976,3,15,792.21
5977,2,11,777.39
5981,2,11,1490.8600000000001
5983,5,17,3071.6
5988,2,9,1347.8000000000002
5989,1,5,582.96
5991,4,22,2073.46
5992,1,9,836.45
5993,3,23,1283.0900000000001
5995,1,10,700.43
5997,1,10,525.54
5998,1,5,295.56
5999,2,14,711.45
6002,1,2,922.71
6005,2,17,676.4
6006,2,13,694.6500000000001
6008,2,13,1844.8600000000001
6012,1,3,500.11
6015,2,11,887.26
6018,1,7,680.27
6019,1,7,883.28
6021,1,1,410.53
6022,2,12,911.89
6024,2,13,1380.26
6025,1,9,756.03
6026,2,11,1222.98
6028,1,8,199.35
6034,1,7,514.52
6035,1,9,575.22
6040,1,2,546.33
6043,2,14,487.7
6045,1,5,358.55
6046,2,17,1509.63
6051,1,4,552.85
6052,1,8,558.19
6053,1,9,625.87
6055,3,14,1243.8
6057,2,5,1059.1399999999999
6060,1,7,910.34
6063,1,1,670.82
6066,2,16,1317.06
6067,3,17,1360.42
6068,4,15,1435.31
6070,3,13,1088.36
6071,2,19,1021.08
6074,2,14,1369.03
6075,1,7,205.41
6080,1,10,668.96
6081,3,22,917.5699999999999
6087,1,7,868.73
6088,1,2,262.64
6091,3,11,1935.42
6093,1,8,409.4
6095,2,12,1491.46
6096,1,5,885.31
6097,2,7,1771.77
6100,1,6,959.1
6102,2,11,994.9300000000001
6103,2,7,830.8
6105,1,3,795.51
6106,2,8,1658.8000000000002
6107,3,15,1535.17
6111,1,1,943.88
6112,3,20,1837.4099999999999
6113,3,18,2004.62
6114,1,10,768.05
6115,1,3,721.08
6116,2,18,646.76
6117,1,10,795.24
6118,1,5,992.81
6119,3,15,2029.66
6121,2,13,762.0899999999999
6125,2,12,1178.65
6126,1,9,407.7
6127,1,9,714.75
6129,1,9,936.44
6130,1,2,375.78
6137,2,15,956.02
6138,1,1,880.4
6142,1,6,615.4
6143,1,4,318.65
6146,1,6,684.37
6150,1,2,105.81
6151,2,13,881.69
6154,1,6,901.87
6155,1,1,444.08
6156,1,3,454.83
6158,3,13,1606.97
6160,2,8,1349.25
6163,2,11,789.26
6165,3,21,1759.85
6166,4,18,2662.9300000000003
6167,1,9,732.29
6169,1,1,638.39
6177,1,9,441.21
6180,1,3,660.94
6183,1,3,158.34
6184,2,11,1931.27
6187,1,2,369.04
6188,1,6,992.49
6193,2,13,1048.28
6194,2,12,1399.63
6195,2,4,1034.55
6196,1,3,219.23
6198,2,10,850.28
6210,2,14,1028.48
6212,1,1,795.69
6214,1,10,325.59
6216,2,20,1473.51
6217,2,5,1535.35
6218,3,14,1511.61
6219,3,23,1288.8999999999999
6221,1,6,274.06
6222,1,8,450.26
6223,1,5,722.01
6226,2,11,861.54
6228,1,6,541.5
6229,1,6,988.89
6230,1,3,199.39
6235,2,16,986.95
6236,2,15,786.0
6241,1,2,325.46
6242,1,3,571.76
6245,2,16,481.36
6252,1,8,900.32
6254,2,10,1185.69
6256,2,15,1779.3
6257,2,11,516.26
6263,2,13,491.42
6266,4,17,1925.67
6267,2,13,1132.42
6269,1,10,711.27
6273,1,7,621.36
6278,1,10,823.19
6280,1,5,532.27
6283,2,10,1139.61
6285,1,6,260.64
6286,2,14,1462.8
6292,3,25,2290.9700000000003
6293,1,4,300.17
6294,1,6,969.35
6296,1,2,674.11
6297,2,14,1666.31
6301,1,9,867.03
6303,1,6,390.17
6307,1,5,225.28
6309,1,1,861.1
6310,2,3,612.96
6311,1,6,836.1
6314,1,6,841.53
6316,1,7,474.26
6320,1,9,475.25
6321,1,6,868.67
6322,1,9,858.93
6323,2,15,1395.6100000000001
6324,1,3,973.55
6327,1,3,230.88
6328,2,15,1736.9
6331,1,5,957.34
6332,4,26,2462.66
6334,1,3,583.15
6335,1,6,669.03
6336,1,9,774.98
6343,1,5,610.48
6346,1,4,489.96
6348,1,3,700.21
6350,1,10,446.82
6352,1,2,335.32
6354,1,3,955.53
6355,1,5,592.56
6357,1,1,234.25
6358,1,2,917.42
6360,1,7,395.4
6364,1,1,951.49
6366,1,3,641.45
6373,3,11,1287.69
6374,4,20,1430.6299999999999
6376,1,8,549.77
6378,1,10,471.3
6379,2,11,946.07
6382,1,9,203.62
6383,2,14,1206.29
6384,3,11,1519.25
6387,1,7,947.64
6388,2,19,696.3
6390,2,15,987.8299999999999
6395,2,18,1485.22
6397,1,10,991.34
6398,1,7,994.98
6403,2,13,670.5799999999999
6405,1,10,528.36
6407,2,10,583.54
6408,1,8,827.15
6412,3,21,2484.23
6415,2,12,773.49
6417,1,9,884.35
6424,1,9,446.65
6425,1,9,119.39
6427,1,3,120.03
6432,1,2,828.38
6433,3,16,1490.43
6434,1,3,701.5
6437,1,6,512.76
6438,1,7,748.32
6440,4,28,2355.38
6441,2,10,1240.49
6442,1,7,106.31
6443,1,6,224.22
6446,1,4,862.24
6447,2,9,839.1
6449,2,11,1275.0
6450,2,13,1204.6599999999999
6454,1,8,167.21
6455,1,1,351.43
6456,1,4,524.46
6457,1,2,914.17
6458,1,4,775.55
6459,3,23,1953.26
6463,1,2,824.48
6465,3,16,1849.6
6467,1,1,520.95
6469,1,4,525.63
6470,1,8,959.94
6471,1,2,381.38
6473,1,6,635.96
6474,1,6,364.93
6475,1,4,818.4
6478,1,5,288.77
6480,4,24,1600.18
6483,1,6,243.09
6486,1,3,705.0
6491,1,2,441.54
6492,3,16,1403.21
6494,2,13,1571.63
6495,1,3,532.47
6496,1,8,723.74
6497,1,6,539.1
6498,2,15,646.79
6500,3,17,1416.0
6504,2,7,1197.37
6506,2,8,1668.8899999999999
6508,1,4,444.22
6515,1,3,379.95
6517,1,8,103.75
6519,2,11,546.86
6520,2,9,1327.98
6521,1,7,118.26
6522,1,1,342.59
6523,1,4,659.11
6527,1,3,282.24
6531,2,9,1171.69
6534,1,2,908.98
6535,2,13,1595.83
6536,1,5,198.66
6537,2,11,1295.04
6543,2,12,1576.85
6544,1,9,554.63
6555,4,24,2603.91
6557,1,8,141.01
6559,1,3,568.13
6562,2,13,1249.49
6563,1,5,951.2
6564,1,7,470.99
6565,1,8,278.23
6566,1,2,623.02
6567,2,14,633.61
6568,3,23,1507.5
6571,2,13,897.38
6575,3,8,2208.0
6577,1,9,468.12
6582,2,5,1023.95
6587,2,9,780.29
6588,1,3,310.14
6591,1,6,836.88
6592,3,12,919.1299999999999
6593,1,10,869.68
6595,1,7,360.3
6600,4,20,2622.08
6601,2,7,1027.37
6602,2,2,740.69
6603,2,13,813.08
6607,1,8,752.82
6608,2,9,1233.6999999999998
6610,1,2,183.1
6611,2,6,1002.1600000000001
6612,3,18,2154.91
6614,1,3,299.0
6616,2,10,604.72
6618,1,8,648.09
6619,2,8,1153.42
6620,2,12,1054.28
6623,2,13,926.5799999999999
6629,2,12,680.81
6630,1,2,154.32
6631,1,5,648.46
6632,1,3,849.59
6633,1,6,419.85
6635,2,10,1069.24
6637,1,4,946.63
6642,2,6,1039.98
6643,2,7,1156.9
6645,2,14,473.36
6648,2,3,1350.83
6649,1,1,236.68
6653,1,4,770.89
6659,1,10,940.27
6662,3,17,1527.1200000000001
6666,1,10,763.36
6669,3,18,1831.13
6672,3,18,1261.82
6673,2,14,1396.58
6675,3,20,1408.54
6676,2,8,1722.92
6678,2,15,1494.38
6684,3,17,1467.73
6685,1,3,141.23
6687,1,4,305.22
6692,1,4,803.42
6696,3,20,1929.6399999999999
6699,2,12,1081.53
6705,1,6,376.72
6709,1,10,921.09
6712,1,8,819.73
6717,1,5,521.18
6720,1,9,220.46
6721,2,8,916.2900000000001
6722,1,1,496.29
6723,1,8,989.88
6724,4,20,3068.51
6725,1,3,588.32
6730,1,8,381.63
6731,1,10,769.93
6734,2,6,1202.93
6735,3,18,1519.08
6742,4,18,1817.27
6743,1,10,214.99
6746,2,13,1160.9
6747,2,13,1145.83
6749,2,10,252.28
6750,3,19,1852.96
6757,1,7,536.42
6760,2,5,914.52
6761,1,4,840.23
6762,1,10,224.53
6765,2,10,1218.47
6766,1,3,823.16
6768,1,4,789.98
6770,2,8,486.69
6771,2,14,539.5799999999999
6773,1,6,903.4
6775,2,11,1212.46
6776,1,3,571.93
6782,1,4,297.91
6784,1,3,881.91
6794,2,5,1154.6499999999999
6796,2,5,748.16
6797,1,3,777.21
6798,2,11,1033.57
6801,1,4,597.57
6803,2,11,530.3199999999999
6807,2,11,1270.69
6808,2,16,977.67
6809,2,14,1133.2
6812,1,9,447.4
6814,1,8,703.38
6815,1,7,593.75
6816,1,10,514.1
6817,1,4,898.48
6819,2,15,1130.27
6820,2,7,646.05
6821,2,10,1399.3000000000002
6823,2,8,698.89
6826,3,14,1066.05
6827,1,9,311.62
6831,1,3,771.33
6836,2,9,1424.35
6839,1,2,340.4
6842,1,8,759.45
6843,3,16,1337.74
6846,1,6,990.78
6847,3,23,1494.28
6848,1,9,100.74
6849,1,10,129.08
6852,1,2,240.07
6854,2,5,1653.1
6855,2,17,1133.0
6856,2,13,436.98
6859,3,14,2540.36
6860,1,9,885.41
6868,1,2,928.35
6871,1,3,476.47
6873,1,4,405.16
6874,1,10,667.49
6875,1,10,263.55
6877,1,10,855.65
6881,2,13,982.47
6882,2,16,845.76
6883,2,9,1276.93
6884,1,1,759.73
6888,1,3,975.57
6890,1,5,992.89
6894,2,9,424.19
6904,5,26,2176.88
6906,1,3,721.46
6907,2,3,1298.13
6908,3,18,1541.0900000000001
6910,1,7,980.85
6911,2,13,1537.27
6913,2,14,960.95
6916,2,9,786.2099999999999
6917,2,10,1404.88
6919,2,16,1421.31
6922,2,7,1400.27
6924,1,9,620.69
6925,2,4,931.8000000000001
6926,1,3,574.93
6929,1,10,870.39
6932,1,8,594.71
6934,1,7,621.87
6935,4,18,1881.99
6938,1,1,422.88
6939,1,1,344.47
6942,1,1,734.84
6943,1,10,589.58
6953,1,4,932.46
6954,2,10,800.53
6957,2,10,1478.9099999999999
6958,2,8,1012.2
6962,1,6,766.86
6966,4,20,2548.32
6968,3,14,1741.65
6969,1,4,568.65
6973,3,20,1628.8
6974,1,10,946.19
6975,2,13,1224.52
6976,1,7,107.56
6978,1,9,941.34
6981,1,10,533.83
6982,1,7,614.56
6983,1,8,788.48
6985,1,5,867.3
6987,1,8,356.41
6991,1,4,601.62
6992,2,6,1002.33
6994,1,10,993.53
6995,1,4,426.58
6996,2,12,1284.1
6997,2,13,1167.92
7000,1,2,129.86
7001,1,6,632.02
7007,1,3,837.4
7008,1,8,856.78
7011,2,11,1072.42
7013,2,13,1291.13
7015,2,6,1098.0
7017,3,16,2011.74
7018,2,16,1573.7
7021,1,9,503.69
7022,3,23,1480.73
7024,2,8,1548.18
7030,1,5,851.07
7033,3,16,1723.07
7036,1,5,436.39
7037,1,4,156.36
7040,2,18,1286.9299999999998
7045,1,7,482.69
7046,1,8,770.17
7047,2,8,1345.12
7048,1,10,159.22
7050,1,6,748.88
7051,2,11,606.81
7053,1,3,140.72
7056,1,1,248.51
7058,1,4,594.32
7060,2,6,534.5899999999999
7061,2,8,996.28
7064,2,10,1268.42
7065,2,16,1537.32
7066,5,30,2754.34
7068,1,4,400.15
7069,1,6,139.01
7071,1,6,205.01
7072,1,9,563.08
7073,1,6,815.21
7074,1,4,558.14
7075,1,5,841.4
7079,2,11,930.7
7080,1,5,284.44
7081,1,8,800.93
7084,2,14,984.0699999999999
7089,1,6,892.46
7090,1,8,700.81
7094,1,9,755.78
7095,3,8,1781.5
7097,2,4,1683.68
7100,1,3,792.73
7102,6,46,3468.6099999999997
7105,2,8,1336.45
7108,1,10,630.59
7109,2,8,1337.5
7110,1,3,582.67
7112,2,12,1169.43
7113,1,2,842.48
7114,1,2,201.61
7118,1,6,401.52
7120,2,13,1029.74
7123,2,12,1057.6
7127,1,4,593.23
7128,2,6,887.95
7129,2,11,870.03
7131,2,8,1011.37
7132,1,8,430.99
7136,1,4,119.39
7138,2,14,499.74
7140,1,4,410.36
7144,2,13,1168.76
7145,1,8,812.09
7150,1,10,541.4
7155,1,4,858.7
7161,1,4,232.42
7165,3,24,1407.74
7166,1,10,806.64
7170,1,10,359.0
7171,2,17,1324.17
7179,1,10,730.34
7180,1,4,759.03
7181,2,8,990.6199999999999
7184,1,2,391.76
7188,1,4,788.1
7191,1,9,144.92
7193,1,3,638.49
7196,2,12,1238.31
7197,1,4,583.3
7201,2,16,1908.35
7204,1,1,308.58
7211,3,16,2064.7799999999997
7212,2,18,1130.31
7213,1,4,838.32
7215,1,3,201.69
7218,2,15,1008.23
7222,1,10,470.49
7223,2,11,1349.34
7224,1,3,467.6
7227,2,4,987.3499999999999
7234,2,15,746.52
7235,2,4,1264.62
7238,1,8,470.07
7242,1,5,280.54
7245,2,10,790.34
7246,3,22,1551.77
7247,1,2,457.93
7249,2,4,1445.8600000000001
7251,1,6,833.98
7254,1,4,818.69
7255,2,15,835.85
7258,1,5,892.61
7259,2,18,1401.88
7268,1,10,316.34
7272,1,6,265.43
7273,1,2,848.96
7276,4,26,2826.87
7277,1,5,728.03
7278,1,2,356.0
7279,2,5,1578.24
7281,3,20,2155.66
7282,1,9,131.98
7284,2,8,1074.34
7287,1,6,348.92
7289,1,10,614.87
7290,2,10,1045.91
7293,1,6,482.92
7295,2,7,925.6700000000001
7298,1,8,302.4
7301,1,1,331.53
7302,3,17,2423.87
7303,1,9,818.15
7304,1,3,109.95
7305,1,1,622.48
7307,1,8,295.83
7309,1,4,276.63
7310,1,10,810.16
7311,1,2,759.41
7314,1,5,791.63
7316,2,9,558.4000000000001
7321,2,4,411.85
7323,1,6,986.57
7325,1,10,349.56
7328,1,3,859.45
7332,2,9,1056.15
7333,1,1,502.95
7334,2,11,1112.57
7335,1,8,766.54
7338,2,6,783.63
7340,4,16,2741.27
7341,3,13,1629.42
7342,1,5,936.2
7343,3,16,2072.62
7346,1,9,447.4
7348,1,1,388.93
7350,1,9,175.7
7352,1,2,925.61
7353,1,1,323.74
7358,1,5,640.8
7361,1,7,525.78
7362,4,22,2619.15
7365,1,3,962.33
7367,1,7,486.01
7368,1,7,849.23
7369,1,2,522.43
7370,1,2,261.65
7371,1,7,363.98
7373,3,22,1386.28
7374,1,7,300.79
7375,2,7,1601.96
7380,2,12,1456.55
7381,3,16,1512.67
7383,1,10,943.9
7387,2,12,1630.7800000000002
7390,3,17,1284.63
7392,1,1,324.31
7395,1,10,108.07
7397,2,12,1587.02
7398,2,5,632.04
7400,1,2,309.53
7404,1,7,971.03
7405,1,7,223.07
7407,1,3,472.11
7410,1,7,806.42
7411,2,8,1055.51
7413,3,15,1589.93
7414,2,19,1568.2199999999998
7415,1,3,740.0
7419,2,14,1050.47
7420,1,5,677.49
7424,1,6,289.38
7431,1,3,541.78
7433,1,6,357.0
7436,1,1,355.7
7437,1,2,144.38
7442,1,9,264.02
7448,3,23,1830.37
7452,1,7,617.9
7454,1,1,897.07
7457,2,5,836.8199999999999
7459,4,13,1769.02
7460,3,6,2009.45
7461,1,3,926.94
7463,3,13,1103.24
7466,1,2,287.91
7468,1,3,801.34
7470,1,4,260.7
7471,1,9,426.72
7472,1,8,457.52
7474,2,11,1388.71
7483,1,2,314.32
7489,1,3,544.17
7495,1,2,213.74
7496,1,8,963.97
7501,1,7,611.18
7502,4,15,2004.67
7504,1,3,109.12
7508,1,4,770.05
7510,4,28,2022.1
7512,1,9,999.32
7514,1,4,180.96
7515,1,6,579.44
7516,1,2,518.19
7517,2,12,1160.98
7518,1,9,860.52
7519,2,13,557.71
7520,1,7,802.38
7521,2,8,550.5
7528,2,10,296.7
7534,1,10,162.72
7537,2,12,983.22
7539,1,1,125.77
7544,1,3,180.52
7545,3,18,1934.94
7547,3,19,1450.4699999999998
7549,2,11,496.03
7551,1,4,473.34
7552,2,18,1135.97
7553,1,6,325.63
7554,1,10,823.41
7556,1,8,330.69
7557,2,13,1058.84
7559,2,16,1235.93
7560,3,12,1919.63
7562,2,3,1407.67
7564,3,9,1075.54
7566,2,3,539.2
7567,1,10,580.91
7568,3,12,1233.16
7571,2,5,1849.69
7574,1,1,389.54
7575,1,9,534.66
7577,2,6,1624.57
7582,3,15,1204.48
7583,2,13,1404.3400000000001
7586,2,8,654.6
7587,1,1,558.82
7588,1,2,237.31
7589,1,7,681.54
7590,2,14,926.6899999999999
7591,1,6,694.63
7592,1,9,303.76
7593,1,8,678.45
7594,1,8,597.69
7595,5,38,2795.7
7596,1,9,552.2
7597,2,15,1465.1599999999999
7602,3,21,2065.66
7606,2,3,903.93
7610,1,5,438.95
7613,1,5,434.77
7618,2,11,923.86
7620,1,3,296.11
7622,1,8,904.93
7623,1,2,614.65
7625,2,15,1136.69
7626,4,21,2740.37
7627,2,14,725.8599999999999
7628,1,6,265.06
7630,2,11,915.4100000000001
7635,2,10,1230.9099999999999
7638,2,11,1256.78
7639,1,3,417.06
7641,1,4,912.48
7642,1,3,312.27
7643,3,14,2039.85
7646,1,3,972.03
7647,1,4,887.3
7648,1,8,112.48
7652,1,10,658.33
7653,1,4,645.32
7654,3,22,1747.8400000000001
7655,1,9,907.17
7656,2,12,839.2
7659,1,4,729.6
7663,2,15,1505.62
7664,1,3,179.94
7668,1,9,559.45
7670,2,11,921.88
7671,3,11,1851.69
7672,1,10,551.47
7676,1,8,847.51
7677,3,16,2162.63
7678,1,9,284.14
7680,2,11,478.53999999999996
7684,2,15,796.39
7688,2,6,1628.04
7693,1,7,400.06
7696,1,9,859.27
7699,3,18,1390.72
7701,1,8,929.49
7708,1,2,766.58
7715,2,17,1123.96
7718,2,14,299.26
7720,1,1,661.12
7721,1,3,719.34
7722,2,13,1033.58
7723,3,22,1410.87
7726,2,11,1140.08
7727,1,2,745.55
7729,2,6,1342.1999999999998
7731,2,10,1378.0
7732,1,7,286.01
7733,1,4,660.93
7735,2,12,510.98
7736,1,8,857.12
7737,1,2,227.94
7739,2,13,1116.83
7740,1,2,146.65
7747,1,1,741.84
7749,4,20,1796.3
7750,1,3,865.7
7753,2,18,1598.55
7763,1,3,456.91
7764,3,25,1599.6
7769,2,11,1299.5900000000001
7774,2,18,1141.31
7775,1,3,877.35
7776,1,5,632.4
7778,1,6,386.83
7779,1,7,225.88
7780,2,8,890.49
7781,2,13,1525.52
7783,2,11,1086.43
7784,2,7,709.0899999999999
7787,3,19,1878.73
7788,1,3,475.38
7789,1,8,920.31
7791,2,6,406.0
7792,1,1,271.86
7794,4,20,2895.12
7795,1,3,560.82
7796,2,8,903.4100000000001
7800,1,10,512.6
7803,1,9,712.62
7804,1,5,917.92
7805,1,8,609.89
7807,2,9,916.42
7809,1,7,849.62
7813,1,6,846.91
7814,3,19,1458.42
7815,1,8,811.02
7818,1,9,854.05
7821,1,3,109.61
7822,1,1,916.7
7824,1,1,105.33
7827,1,9,345.23
7828,3,23,1458.55
7830,1,6,612.31
7831,2,11,753.1700000000001
7833,1,7,281.62
7834,4,29,2860.76
7837,1,9,393.32
7845,3,17,1535.47
7847,1,2,980.32
7848,2,5,777.48
7849,1,1,186.33
7850,4,26,2684.4
7855,2,13,757.97
7857,2,8,1213.42
7859,4,21,2955.1
7862,2,11,1639.65
7863,2,4,1632.51
7864,1,6,710.92
7866,2,13,1932.8600000000001
7867,3,23,1696.07
7868,1,8,524.93
7870,2,8,890.41
7872,3,23,2316.96
7876,2,10,1385.7
7878,2,16,657.21
7883,1,8,196.38
7892,1,5,956.6
7893,1,4,510.88
7894,1,1,841.04
7895,1,7,788.83
7896,1,3,236.35
7897,6,26,3821.77
7900,2,17,468.90999999999997
7902,1,8,843.83
7905,1,3,213.78
7908,1,4,200.84
7916,5,28,3313.0699999999997
7920,1,9,695.68
7921,1,3,167.06
7924,2,15,490.78999999999996
7928,1,6,316.23
7930,1,4,455.74
7933,1,4,723.45
7934,2,3,1560.67
7935,1,4,158.63
7939,1,7,359.42
7940,1,6,560.41
7941,1,7,966.42
7943,3,17,1877.6399999999999
7945,1,1,858.53
7946,2,15,1742.62
7947,2,20,1084.2
7948,1,3,413.08
7952,1,10,379.26
7954,1,8,610.62
7955,1,6,172.15
7956,3,19,1650.98
7957,1,3,612.4
7958,1,9,154.18
7960,2,10,904.2700000000001
7963,1,1,704.1
7970,2,14,1226.69
7975,1,6,482.91
7976,1,1,400.64
7977,1,4,452.38
7979,2,5,1342.81
7981,1,7,950.46
7986,2,9,1207.23
7987,1,2,391.5
7989,3,25,1462.01
7997,1,6,646.83
8001,1,8,675.19
8004,1,10,201.08
8009,1,1,956.8
8011,1,10,463.4
8012,2,9,613.49
8013,2,7,574.23
8017,3,18,2015.37
8021,1,1,486.42
8024,1,3,166.7
8025,1,9,693.12
8028,1,3,966.74
8030,2,11,1329.12
8037,1,6,802.81
8042,2,10,643.01
8044,1,2,745.8
8048,2,17,1389.9099999999999
8049,2,8,1041.64
8050,1,2,891.1
8051,3,18,1044.53
8054,1,4,392.83
8059,1,7,873.37
8060,2,7,1114.22
8062,1,1,726.16
8066,1,10,974.76
8068,1,2,212.4
8071,3,16,904.39
8073,2,13,1786.23
8074,1,6,109.68
8077,1,7,473.69
8079,1,4,920.59
8080,3,13,2104.74
8082,2,9,1339.7
8084,2,15,851.61
8086,3,19,2061.56
8088,1,1,245.97
8092,1,8,732.32
8097,1,7,964.46
8099,3,19,1838.26
8101,2,9,1123.24
8102,2,19,844.9599999999999
8103,2,11,1452.62
8104,2,11,1832.5900000000001
8105,1,10,426.5
8106,1,6,660.94
8107,2,16,959.74
8111,2,11,1308.6
8113,2,9,913.9499999999999
8114,1,8,585.72
8118,1,3,149.56
8120,1,6,997.57
8121,1,8,631.05
8126,1,1,569.95
8127,1,2,350.17
8128,1,8,716.59
8131,2,10,843.05
8132,1,3,761.03
8135,4,28,2248.7799999999997
8136,1,10,826.63
8145,3,17,625.38
8147,1,4,116.64
8148,2,18,811.72
8149,2,11,1206.6499999999999
8150,1,5,105.84
8155,1,10,514.24
8160,1,2,424.51
8163,3,15,1010.42
8164,1,4,847.78
8166,1,5,551.29
8167,1,4,112.87
8169,2,9,459.12
8172,1,2,938.88
8173,1,9,992.03
8174,1,8,649.83
8179,2,12,1130.91
8180,1,3,401.05
8181,2,5,1652.51
8182,1,7,992.18
8183,2,13,1596.25
8186,1,9,552.97
8188,2,6,814.12
8190,5,30,3546.55
8191,2,15,696.74
8193,1,4,625.7
8195,3,23,1360.31
8196,1,9,988.23
8203,1,9,711.63
8205,1,5,865.42
8206,1,5,548.74
8207,1,5,475.7
8208,1,1,688.81
8209,1,1,311.19
8211,2,13,1455.61
8213,3,19,1605.46
8214,1,7,825.58
8215,1,9,256.16
8217,1,1,847.56
8218,2,19,783.53
8219,5,35,2502.88
8220,1,10,252.83
8226,2,9,1113.27
8231,1,5,242.05
8240,2,11,1295.4
8242,1,5,946.61
8250,1,8,696.31
8251,3,21,1733.78
8253,2,8,1079.81
8254,2,5,1386.82
8257,1,9,510.43
8260,2,13,931.53
8263,3,13,814.6700000000001
8267,1,1,563.21
8268,1,7,526.85
8272,1,4,826.71
8275,1,4,117.9
8278,2,10,1691.9
8279,1,9,224.51
8281,1,6,183.98
8285,3,13,1352.0700000000002
8287,1,2,257.95
8295,2,4,1392.94
8296,2,10,1278.71
8297,2,15,1196.67
8298,1,7,624.3
8299,3,13,1667.35
8300,3,28,1834.9
8302,2,14,1590.01
8303,1,6,366.19
8304,2,17,869.9100000000001
8308,2,9,1239.01
8311,2,11,1058.02
8312,1,5,349.69
8315,1,4,660.8
8317,1,1,529.51
8320,1,10,316.03
8321,1,5,740.43
8324,1,6,540.4
8328,1,8,232.57
8329,1,2,610.87
8331,2,12,1278.9
8333,1,4,507.8
8337,1,3,203.56
8338,2,16,1290.05
8345,1,7,510.53
8346,1,5,580.29
8349,1,2,399.97
8351,1,7,585.25
8354,1,7,189.42
8357,1,5,933.96
8362,2,16,1521.13
8363,1,8,758.19
8364,2,7,1521.92
8367,1,1,193.73
8369,2,5,727.76
8370,1,10,619.94
8372,1,5,275.39
8373,1,8,476.77
8379,2,16,711.9
8387,2,6,948.28
8388,2,15,1141.8600000000001
8390,2,19,1212.35
8392,1,4,720.4
8393,2,14,1553.79
8395,3,6,1724.74
8398,1,6,520.29
8399,2,19,733.25
8400,2,20,977.29
8403,1,2,394.92
8405,1,6,308.2
8406,2,8,1017.6
8411,1,8,974.56
8415,1,6,156.62
8416,2,10,563.48
8418,2,6,703.06
8419,1,8,670.52
8422,1,4,423.93
8423,1,8,620.7
8425,1,4,863.85
8427,1,10,272.24
8428,1,2,635.89
8431,2,11,771.53
8433,3,17,1863.09
8435,3,13,1210.53
8440,1,10,814.23
8445,1,1,197.21
8446,1,6,606.31
8448,1,8,173.2
8451,1,8,317.15
8452,2,4,1046.17
8455,1,1,516.71
8456,1,6,607.42
8458,2,3,1378.56
8460,2,17,859.2800000000001
8461,2,13,1053.79
8463,1,8,160.9
8464,2,11,1425.53
8468,2,17,1653.42
8472,2,18,1008.08
8474,1,7,611.88
8475,1,9,249.64
8476,1,5,857.55
8477,1,7,736.04
8483,1,4,769.88
8488,1,3,997.21
8495,1,4,661.23
8498,1,8,775.23
8500,3,20,1382.05
8503,1,1,876.48
8505,1,7,523.99
8506,1,6,151.58
8507,1,2,202.98
8508,2,15,629.4200000000001
8509,1,5,684.55
8510,1,6,996.06
8511,1,10,997.93
8514,4,25,2388.43
8516,1,2,939.15
8517,1,9,187.2
8518,1,5,566.67
8526,3,18,1582.54
8528,1,8,328.62
8529,1,8,148.72
8531,1,10,225.93
8533,1,5,781.16
8534,3,22,1845.71
8535,1,4,561.44
8536,1,9,500.65
8538,1,8,956.78
8539,3,14,2502.7400000000002
8540,3,14,2187.2200000000003
8543,1,6,985.55
8544,1,2,440.7
8545,1,10,450.23
8548,1,10,824.52
8549,2,8,1054.62
8553,1,3,659.2
8554,1,5,466.11
8555,1,4,264.16
8556,1,9,507.18
8560,1,2,766.44
8562,3,7,1810.53
8566,2,9,511.47
8568,1,2,981.57
8569,1,5,826.38
8570,2,14,920.58
8571,2,10,702.72
8572,1,3,471.38
8576,1,9,658.0
8577,1,5,117.35
8578,3,14,1789.08
8579,3,15,1296.2
8580,2,13,1132.19
8584,1,9,688.09
8585,1,2,281.66
8586,2,19,499.22
8587,1,3,108.85
8591,2,6,916.09
8593,3,22,1569.98
8595,1,6,265.02
8602,6,39,3261.35
8604,2,6,833.55
8605,1,8,250.76
8608,2,9,953.25
8609,1,2,621.93
8610,1,9,530.31
8611,1,9,708.19
8614,1,5,181.42
8618,1,10,444.75
8622,2,13,1308.66
8627,2,3,1337.13
8629,2,9,1831.08
8632,1,5,537.16
8633,1,3,435.86
8634,2,10,1141.06
8636,1,1,820.84
8638,1,7,926.96
8641,2,17,1380.2
8643,1,5,278.13
8644,1,4,706.2
8645,1,3,704.81
8651,1,2,500.07
8657,1,5,547.16
8661,1,4,374.08
8663,1,6,276.76
8664,1,8,578.44
8667,2,5,1098.6599999999999
8671,2,17,1547.38
8673,1,5,351.43
8675,2,8,1643.69
8678,1,3,818.75
8680,1,1,967.1
8681,1,6,500.23
8682,2,9,1232.48
8684,1,5,613.18
8687,3,18,2125.16
8691,1,4,191.08
8693,1,1,460.92
8695,2,7,982.29
8701,1,1,906.91
8702,1,5,198.81
8703,1,8,107.58
8705,1,9,329.78
8706,1,5,156.92
8708,1,7,959.79
8711,2,11,1193.03
8713,4,21,2446.75
8716,1,9,295.29
8717,1,7,336.53
8722,1,2,796.37
8723,1,9,822.08
8726,2,9,1164.76
8728,1,2,175.47
8729,1,3,949.68
8731,1,9,392.98
8732,2,20,1269.42
8733,1,4,155.47
8735,1,8,504.59
8739,1,5,543.94
8740,1,9,284.23
8742,2,7,1441.8200000000002
8743,1,10,362.92
8745,1,4,392.41
8746,2,9,952.1199999999999
8747,2,10,951.47
8749,2,4,528.72
8750,2,13,1121.0500000000002
8754,1,1,973.73
8755,2,16,1229.54
8762,1,3,909.11
8764,1,2,334.19
8766,2,10,1064.72
8770,1,5,324.65
8771,2,14,1215.27
8772,1,3,578.38
8773,1,10,985.73
8774,3,17,1919.1399999999999
8776,1,1,820.89
8778,1,9,118.72
8782,3,11,701.14
8784,1,4,100.33
8787,1,6,666.32
8789,1,9,194.26
8790,2,5,1377.21
8792,1,4,579.45
8794,2,12,1755.5300000000002
8799,1,8,934.39
8800,3,25,1211.57
8803,1,6,306.23
8804,3,17,1346.3700000000001
8806,1,7,719.03
8807,1,2,663.34
8809,1,4,177.44
8810,2,6,1664.12
8812,1,9,163.82
8815,4,17,1844.9299999999998
8825,1,1,844.59
8826,2,7,590.6800000000001
8829,2,7,1243.06
8831,2,11,893.51
8836,3,10,1574.7
8837,3,18,1307.59
8839,2,10,1423.87
8842,1,7,764.67
8843,2,12,1687.4
8844,1,4,778.53
8845,1,7,690.92
8846,1,6,102.9
8847,2,7,596.97
8851,3,18,1490.88
8853,2,9,979.48
8856,1,6,378.04
8861,3,25,1805.76
8865,3,17,1168.1999999999998
8868,2,15,966.0699999999999
8876,2,18,1189.58
8877,1,9,741.73
8879,1,3,836.19
8880,1,1,335.99
8881,3,22,1572.0
8882,1,5,957.82
8886,1,7,905.44
8888,1,5,713.07
8889,3,14,1665.94
8890,1,2,824.5
8894,1,3,465.77
8895,1,6,764.77
8897,2,13,911.77
8898,1,2,651.68
8899,1,5,903.32
8900,2,7,441.13
8901,1,10,531.14
8902,1,6,245.21
8903,1,10,834.68
8904,2,16,742.73
8905,2,14,1050.17
8908,1,6,364.05
8909,1,10,361.41
8911,1,7,674.23
8913,1,9,740.69
8914,2,11,710.63
8915,2,10,1645.02
8917,3,21,1600.3600000000001
8922,1,7,560.14
8923,1,3,280.1
8927,2,11,1112.7
8928,1,2,423.16
8929,1,2,145.25
8931,1,2,207.07
8932,2,7,1764.92
8934,1,9,979.77
8935,1,5,628.53
8936,1,2,426.75
8937,1,6,803.15
8938,1,7,535.04
8941,1,1,157.37
8943,1,10,362.41
8944,1,8,651.99
8947,1,1,718.45
8948,4,23,2205.65
8950,2,13,727.48
8954,1,10,168.51
8956,2,8,275.85
8957,3,17,1709.38
8958,3,13,1239.31
8960,1,8,705.42
8962,1,1,906.97
8963,2,10,1093.62
8966,1,1,450.58
8967,2,4,1217.44
8978,4,26,2405.59
8979,3,16,1516.52
8983,2,10,1839.77
8986,1,2,152.97
8989,2,11,1012.92
8996,2,6,1220.31
8998,1,6,261.6
9001,1,1,822.73
9002,1,2,540.13
9005,1,2,159.5
9011,1,6,508.87
9013,1,10,967.77
9014,2,7,1681.3400000000001
9015,2,12,732.39
9017,1,9,946.15
9020,1,8,282.77
9021,1,8,470.67
9025,3,22,1658.27
9026,1,1,733.65
9027,1,7,230.7
9029,1,2,824.9
9031,1,1,852.0
9035,1,7,100.99
9041,1,5,646.43
9042,1,2,319.38
9043,2,11,1300.12
9044,1,5,710.28
9045,4,13,1892.08
9047,2,12,1059.33
9049,1,2,933.64
9050,1,8,561.54
9051,1,2,331.27
9053,1,2,226.3
9054,1,5,545.43
9055,1,2,271.45
9056,1,1,671.96
9059,2,8,261.52
9060,2,10,1239.61
9062,1,6,567.38
9065,1,5,313.15
9067,2,11,1024.78
9068,2,11,792.87
9069,2,7,1693.34
9070,2,10,1553.18
9073,2,16,764.8399999999999
9074,1,6,328.01
9075,3,22,1833.18
9079,1,3,754.55
9080,1,7,775.12
9084,1,10,888.41
9085,1,1,651.09
9087,1,8,101.03
9089,2,8,874.27
9091,1,8,200.52
9093,1,4,745.77
9094,1,6,650.56
9096,1,5,776.72
9099,1,5,910.56
9100,1,4,967.88
9103,2,9,919.8299999999999
9104,1,4,640.43
9110,1,9,334.47
9111,1,5,619.68
9112,1,1,391.89
9115,1,1,638.36
9116,1,9,585.91
9119,2,12,479.63
9121,1,9,803.15
9123,2,8,1283.71
9129,2,12,619.59
9132,2,15,1443.54
9134,1,1,980.9
9137,1,8,953.56
9138,1,2,157.09
9141,4,13,1625.28
9142,3,7,2134.16
9143,3,9,1936.1799999999998
9147,2,6,1406.44
9148,2,2,758.41
9149,3,23,1650.3400000000001
9152,1,6,229.54
9153,1,8,384.05
9155,1,4,597.14
9156,1,3,600.11
9157,1,1,201.83
9160,1,5,331.42
9161,1,10,583.92
9163,1,8,861.23
9167,2,2,1270.1
9168,1,6,549.66
9171,2,18,1399.54
9174,1,4,285.96
9175,1,7,734.38
9176,2,11,1147.06
9179,1,2,230.02
9183,2,16,1005.5
9189,1,3,395.04
9191,1,6,858.59
9192,1,8,820.03
9194,4,22,3240.0
9196,1,10,833.19
9197,2,12,635.14
9199,2,11,949.29
9200,1,2,272.53
9201,1,10,920.18
9205,1,9,284.33
9208,1,3,396.24
9213,2,13,1590.54
9218,1,2,453.42
9219,1,5,893.32
9220,2,8,1066.24
9221,1,2,690.81
9222,2,7,1492.88
9224,1,3,569.35
9227,1,5,770.2
9228,1,6,902.93
9229,1,3,448.16
9234,1,1,504.81
9238,1,9,432.68
9242,1,3,373.25
9244,2,8,1032.6799999999998
9248,1,2,653.42
9251,1,4,248.93
9258,1,9,928.69
9268,4,15,2803.22
9269,1,1,867.77
9270,1,9,631.59
9271,1,1,330.6
9272,1,6,913.62
9273,3,21,1223.3899999999999
9279,2,12,1464.64
9281,2,9,419.22
9282,2,9,1396.36
9283,1,3,810.33
9284,2,15,934.45
9286,1,6,430.05
9288,1,3,837.41
9289,1,9,183.84
9290,1,8,225.57
9294,1,8,139.99
9295,1,3,919.15
9297,2,8,1001.3
9302,1,8,722.82
9303,1,1,916.39
9306,2,11,682.77
9312,2,6,793.4000000000001
9314,1,6,378.98
9315,1,4,662.04
9319,1,8,238.74
9321,1,2,738.87
9325,2,12,1084.57
9326,1,7,567.19
9330,1,8,770.56
9333,1,5,619.02
9346,1,10,181.89
9348,1,10,311.88
9349,2,7,1224.41
9352,4,25,2182.36
9353,1,7,576.65
9355,2,14,929.26
9356,1,8,718.71
9357,3,17,1696.78
9360,3,17,2755.26
9367,1,9,568.93
9368,1,2,861.14
9370,1,10,208.26
9371,1,5,729.57
9373,1,5,303.01
9375,1,5,151.09
9383,1,6,101.21
9384,1,8,970.32
9385,2,11,1420.05
9388,4,24,1781.18
9390,2,7,1369.53
9392,1,7,402.19
9402,2,10,734.26
9403,2,9,957.9100000000001
9405,1,5,200.58
9406,1,6,304.63
9407,2,12,1532.8000000000002
9408,3,20,1517.6100000000001
9409,2,8,1493.87
9414,1,7,526.9
9415,1,10,747.28
9416,1,3,999.97
9417,1,9,822.53
9418,2,12,1120.6
9422,1,9,884.96
9423,1,9,498.24
9425,1,2,185.06
9426,1,8,414.23
9427,2,15,1443.22
9428,3,21,1606.3899999999999
9429,5,17,2855.3
9434,1,7,475.11
9435,2,15,1557.4299999999998
9441,2,17,787.21
9444,1,10,798.9
9447,1,4,217.33
9451,3,20,428.34
9452,2,11,395.49
9453,1,7,378.66
9454,2,12,758.52
9456,1,1,834.12
9459,2,18,1559.6100000000001
9461,2,7,1275.59
9465,2,11,1256.96
9466,2,18,1625.33
9469,2,11,625.0699999999999
9470,2,13,922.66
9471,2,14,1241.66
9472,1,6,942.9
9473,2,8,1050.5700000000002
9475,1,9,807.52
9476,2,3,948.51
9477,3,15,1625.67
9482,2,13,1188.83
9483,2,4,1053.27
9484,1,8,775.83
9486,2,13,1527.04
9487,1,2,738.47
9488,1,3,416.61
9489,1,1,916.95
9490,2,17,869.9499999999999
9491,1,10,357.94
9502,1,2,541.48
9503,2,13,1485.6599999999999
9504,2,6,714.98
9506,2,3,1081.31
9507,1,10,238.37
9508,2,12,1093.16
9511,1,8,867.46
9514,1,6,392.35
9515,3,17,956.5
9516,1,2,981.45
9519,2,6,1261.95
9521,1,5,964.98
9525,1,7,596.57
9527,2,6,1415.4
9531,2,10,1039.6100000000001
9532,1,9,381.0
9533,2,10,419.34
9535,2,15,1124.68
9536,2,11,1322.31
9539,2,7,1273.6999999999998
9547,2,13,1677.46
9549,2,10,526.48
9551,2,8,1012.13
9554,2,14,1375.98
9556,1,8,765.25
9558,1,7,837.2
9560,3,22,2082.58
9561,4,21,2264.71
9562,4,13,2232.75
9569,2,6,1513.63
9572,1,7,731.24
9577,1,1,340.24
9578,1,3,810.16
9582,1,3,146.78
9587,2,16,939.16
9588,1,7,987.87
9589,1,1,134.61
9594,2,7,931.18
9596,1,7,130.12
9597,1,4,620.05
9601,1,9,286.85
9602,2,14,1308.85
9611,1,2,529.71
9612,3,11,1385.22
9613,2,14,970.28
9616,2,6,1529.02
9617,2,7,552.96
9621,1,2,512.5
9622,1,2,925.22
9623,3,15,1465.16
9624,2,10,1192.41
9625,1,5,834.1
9627,1,2,930.8
9635,1,2,343.77
9636,1,1,519.32
9637,2,18,711.4499999999999
9638,1,1,711.52
9640,3,15,1783.3700000000001
9644,2,14,903.1299999999999
9651,1,4,777.73
9652,2,5,1391.28
9655,1,2,767.78
9656,1,9,250.53
9661,2,18,939.97
9662,1,9,243.94
9665,1,2,498.28
9666,1,8,706.78
9670,1,6,821.12
9671,1,3,262.73
9672,1,6,708.57
9673,3,20,1522.8
9674,1,4,323.14
9677,2,7,1201.6499999999999
9679,2,11,1283.6399999999999
9680,1,5,775.56
9683,1,3,112.07
9684,1,10,681.03
9688,1,9,204.38
9689,3,19,2415.81
9692,1,3,132.67
9693,1,5,151.18
9695,1,9,827.1
9700,1,5,164.15
9701,2,8,1329.59
9710,1,9,718.02
9712,4,12,2268.68
9716,1,3,956.61
9718,1,5,383.13
9724,2,11,748.01
9726,2,17,315.69
9730,1,10,184.9
9736,1,3,824.78
9738,1,4,832.1
9739,1,5,380.48
9740,2,13,965.15
9741,2,5,1350.6100000000001
9742,3,22,1333.6100000000001
9746,2,10,529.13
9749,2,14,1610.03
9750,2,12,543.25
9753,2,12,1182.44
9755,1,9,104.19
9759,3,14,2246.27
9762,2,8,647.24
9767,1,5,197.47
9768,2,11,977.83
9772,1,8,605.74
9775,1,9,713.98
9776,1,9,799.36
9778,2,9,1203.24
9782,1,6,315.19
9786,1,4,179.92
9787,3,20,1798.91
9788,1,4,469.99
9794,2,13,545.61
9795,1,3,114.99
9796,3,12,1313.69
9800,1,9,795.9
9801,4,27,2255.77
9803,3,20,1484.65
9804,3,13,1976.31
9806,1,7,921.04
9807,1,2,859.74
9808,2,12,800.45
9810,2,15,1089.68
9813,1,10,509.76
9815,2,14,1094.35
9816,2,13,1971.0900000000001
9825,1,2,572.6
9826,2,11,1210.08
9830,1,8,244.91
9832,2,14,1003.8800000000001
9835,1,2,748.98
9836,2,13,1360.12
9837,3,16,1583.0
9839,2,14,334.19
9843,1,2,307.99
9845,1,6,666.81
9848,1,10,318.11
9849,1,6,667.1
9850,1,1,338.39
9851,2,9,989.74
9852,2,15,1723.49
9854,1,6,583.65
9855,1,8,449.89
9857,1,1,891.95
9858,1,5,504.83
9860,1,2,974.98
9862,4,23,2928.06
9864,2,11,1137.3200000000002
9869,3,14,2037.96
9870,2,17,1002.29
9871,3,10,665.37
9872,1,5,361.22
9875,2,16,925.88
9876,2,13,1120.27
9877,1,2,138.82
9878,1,3,951.92
9880,1,10,797.31
9883,3,10,2186.92
9886,1,7,418.51
9888,2,13,1166.1200000000001
9893,1,5,164.98
9895,2,14,906.84
9897,2,11,398.48
9903,1,3,805.62
9905,5,23,3930.77
9906,3,10,1248.88
9910,2,16,1189.39
9912,1,6,838.39
9913,2,12,737.19
9916,1,1,403.34
9920,1,1,655.89
9921,2,6,246.79000000000002
9926,1,3,759.13
9927,1,3,186.68
9928,1,2,362.74
9931,1,4,734.91
9933,1,7,680.51
9934,1,6,995.37
9937,3,13,2322.64
9938,1,5,998.5
9939,2,14,1493.97
9941,1,4,761.87
9942,1,4,320.32
9946,4,13,2603.75
9947,2,7,586.79
9949,2,9,1225.06
9950,2,10,610.83
9951,1,2,344.68
9953,1,1,268.61
9954,1,8,195.91
9955,2,14,680.0799999999999
9957,1,6,380.56
9958,2,14,1856.76
9962,1,3,742.76
9965,1,7,197.97
9973,1,4,844.35
9974,1,4,820.72
9977,1,9,423.6
9979,2,11,1642.02
9981,1,4,585.89
9982,2,8,920.76
9984,2,6,1863.6399999999999
9987,1,9,950.43
9992,1,2,806.26
9994,1,5,749.19
9995,1,6,645.05
9996,1,3,699.7
9997,1,8,321.24
